,Rk,Player,Age,Team,Pos,GP,GS,W,L,T/O,GA,Shots,SV,SV%,GAA,SO,MIN,QS,QS%,RBS,GA%-,GSAA,GAA/A,GPS,G,A,PTS,PIM,Awards
0,1,Devan Dubnyk,32.0,MIN,G,67,66,31,28,6,163,1877,1714,0.913,2.54,2,3855:16,38,0.576,13,96.0,6.2,2.69,11.1,0,2,2,2,ASG
1,2,Carey Price,31.0,MTL,G,66,64,35,24,6,161,1952,1791,0.918,2.49,4,3880:15,37,0.578,6,92.0,14.9,2.64,12.5,0,1,1,2,ASnhl-3Vezina-7
2,3,Connor Hellebuyck,25.0,WPG,G,63,62,34,23,3,179,2051,1872,0.913,2.9,2,3704:06,28,0.452,6,97.0,5.9,3.09,12.1,0,3,3,4,
3,4,Sergei Bobrovsky,30.0,CBJ,G,62,61,37,24,1,153,1756,1603,0.913,2.58,9,3556:40,31,0.508,13,97.0,5.3,2.75,10.4,0,0,0,2,ASnhl-11Vezina-9
4,5,Martin Jones,29.0,SJS,G,62,62,36,19,5,176,1699,1523,0.896,2.94,3,3597:13,27,0.435,14,115.0,-22.9,3.14,7.0,0,1,1,2,
5,6,Marc-André Fleury,34.0,VEG,G,61,61,35,21,5,152,1745,1593,0.913,2.51,8,3635:08,34,0.557,7,97.0,5.3,2.67,10.3,0,2,2,4,ASGASnhl-5Byng-32Hart-17Vezina-4
6,7,Frederik Andersen,29.0,TOR,G,60,60,36,16,7,162,1958,1796,0.917,2.77,1,3510:15,38,0.633,7,92.0,14.5,2.96,12.5,0,1,1,2,ASnhl-7Vezina-10
7,8,Jacob Markström,29.0,VAN,G,60,60,28,23,9,166,1896,1730,0.912,2.77,1,3599:01,34,0.567,7,97.0,4.9,2.95,11.1,0,3,3,2,Vezina-10
8,9,Braden Holtby,29.0,WSH,G,59,58,32,19,5,160,1795,1635,0.911,2.82,3,3406:34,33,0.569,9,99.0,1.8,3.01,10.2,0,2,2,2,ASG
9,10,John Gibson,25.0,ANA,G,58,57,26,22,8,153,1838,1685,0.917,2.84,2,3233:02,34,0.596,8,92.0,12.7,3.03,11.6,0,0,0,2,ASGASnhl-8Vezina-10
10,11,Pekka Rinne,36.0,NSH,G,56,55,30,19,4,130,1581,1451,0.918,2.42,4,3219:44,30,0.545,7,91.0,12.5,2.57,10.1,0,0,0,4,ASGASnhl-10Vezina-7
11,12,Jimmy Howard,34.0,DET,G,55,52,23,22,5,156,1709,1553,0.909,3.07,0,3052:33,30,0.577,6,101.0,-2.0,3.28,9.3,0,1,1,2,ASG
12,13,Mikko Koskinen,30.0,EDM,G,55,51,25,21,6,146,1551,1405,0.906,2.93,4,2991:51,24,0.471,8,104.0,-6.2,3.13,8.0,0,2,2,2,
13,14,Darcy Kuemper,28.0,ARI,G,55,55,27,20,8,126,1677,1551,0.925,2.33,5,3251:15,36,0.655,6,83.0,25.1,2.47,12.0,0,2,2,14,ASnhl-6Hart-22Vezina-5
14,15,Andrei Vasilevskiy,24.0,TBL,G,53,53,39,10,4,128,1713,1585,0.925,2.4,6,3203:45,34,0.642,7,83.0,26.4,2.55,12.4,0,3,3,6,ASGASnhl-1Hart-22Vezina-1
15,16,Henrik Lundqvist,36.0,NYR,G,52,52,18,23,10,158,1699,1541,0.907,3.07,0,3088:53,30,0.577,7,103.0,-4.9,3.28,9.0,0,3,3,0,ASG
16,17,Craig Anderson,37.0,OTT,G,50,47,17,27,4,163,1676,1513,0.903,3.51,2,2785:11,19,0.404,8,108.0,-11.9,3.77,8.1,0,2,2,0,
17,18,Carter Hutton,33.0,BUF,G,50,48,18,25,5,142,1541,1399,0.908,3.0,0,2839:37,25,0.521,5,102.0,-3.1,3.21,8.3,0,1,1,2,
18,19,Matt Murray,24.0,PIT,G,50,50,29,14,6,129,1594,1465,0.919,2.69,4,2880:14,29,0.58,10,90.0,14.7,2.85,10.4,0,0,0,4,
19,20,Semyon Varlamov,30.0,COL,G,49,49,20,19,9,136,1496,1360,0.909,2.87,2,2839:12,25,0.51,9,101.0,-1.2,3.06,8.2,0,0,0,2,
20,21,Jake Allen,28.0,STL,G,46,45,19,17,8,121,1277,1156,0.905,2.83,3,2567:57,25,0.556,11,105.0,-5.9,3.01,6.5,0,0,0,0,
21,22,Ben Bishop,32.0,DAL,G,46,45,27,15,2,87,1323,1236,0.934,1.98,7,2637:18,31,0.689,1,73.0,32.2,2.09,10.8,0,2,2,2,ASnhl-2Hart-19Vezina-2
22,23,Robin Lehner,27.0,NYI,G,46,43,25,13,5,93,1323,1230,0.93,2.13,6,2615:49,26,0.605,4,78.0,26.2,2.27,10.2,0,1,1,0,ASnhl-4Jennings-1Vezina-3
23,24,Jonathan Quick,33.0,LAK,G,46,46,16,23,7,149,1329,1180,0.888,3.38,2,2647:34,19,0.413,11,124.0,-29.2,3.6,4.3,0,2,2,6,
24,25,Tuukka Rask,31.0,BOS,G,46,45,27,13,5,109,1245,1136,0.912,2.48,4,2635:09,24,0.533,5,97.0,3.2,2.64,7.3,0,2,2,4,
25,26,David Rittich,26.0,CGY,G,45,42,27,9,5,109,1228,1119,0.911,2.61,1,2503:20,26,0.619,8,98.0,1.7,2.78,7.0,0,0,0,4,
26,27,Thomas Greiss,33.0,NYI,G,43,39,23,14,2,87,1185,1098,0.927,2.28,5,2293:42,25,0.641,7,81.0,19.8,2.41,8.7,0,1,1,4,Jennings-1
27,28,Roberto Luongo,39.0,FLA,G,43,40,18,16,5,122,1205,1083,0.899,3.12,1,2346:38,20,0.5,7,112.0,-13.4,3.32,5.3,0,1,1,0,Byng-42
28,29,Mike Smith,36.0,CGY,G,42,40,23,16,2,109,1069,960,0.898,2.72,2,2400:19,20,0.5,9,113.0,-12.7,2.9,4.6,0,3,3,2,
29,30,Anton Khudobin,32.0,DAL,G,41,37,16,17,5,95,1232,1137,0.923,2.57,2,2219:30,23,0.622,3,86.0,16.0,2.73,8.6,0,0,0,2,
30,31,Keith Kinkaid,29.0,NJD,G,41,38,15,18,6,129,1188,1059,0.891,3.36,3,2301:58,15,0.395,11,120.0,-21.9,3.6,4.3,0,0,0,0,
31,32,Jaroslav Halák,33.0,BOS,G,40,37,22,11,4,90,1158,1068,0.922,2.34,5,2308:07,22,0.595,4,86.0,14.4,2.5,8.0,0,4,4,0,
32,33,Petr Mrázek,26.0,CAR,G,40,40,23,14,3,95,1104,1009,0.914,2.39,4,2386:51,23,0.575,4,95.0,4.5,2.54,6.6,0,1,1,6,
33,34,Corey Crawford,34.0,CHI,G,39,39,14,18,5,108,1176,1068,0.908,2.93,2,2212:51,17,0.436,5,102.0,-2.0,3.12,6.3,0,4,4,0,
34,35,Philipp Grubauer,27.0,COL,G,37,33,18,9,5,89,1071,982,0.917,2.64,3,2020:44,20,0.606,5,92.0,7.5,2.82,6.8,0,0,0,0,
35,36,Linus Ullmark,25.0,BUF,G,37,34,15,14,5,109,1146,1037,0.905,3.11,2,2102:06,18,0.529,6,106.0,-5.7,3.31,5.8,0,1,1,0,
36,37,Casey DeSmith,27.0,PIT,G,36,30,15,11,5,89,1060,971,0.916,2.75,3,1943:33,18,0.6,2,93.0,6.5,2.93,6.6,0,0,0,2,
37,38,James Reimer,30.0,FLA,G,36,29,13,12,5,93,929,836,0.9,3.09,0,1805:11,10,0.345,6,111.0,-9.3,3.29,4.2,0,0,0,0,
38,39,Anders Nilsson,28.0,2TM,G,36,34,14,19,1,101,1098,997,0.908,2.97,2,2039:48,14,0.412,6,102.0,-2.0,3.15,5.9,0,1,1,0,
39,39,Anders Nilsson,28.0,VAN,G,12,12,3,8,1,37,353,316,0.895,3.09,0,717:56,4,0.333,2,116.0,-5.2,3.26,1.4,0,0,0,0,
40,39,Anders Nilsson,28.0,OTT,G,24,22,11,11,0,64,745,681,0.914,2.9,2,1321:52,10,0.455,4,95.0,3.1,3.09,4.5,0,1,1,0,
41,40,Jonathan Bernier,30.0,DET,G,35,30,9,18,5,98,1025,927,0.904,3.16,1,1859:54,13,0.433,5,106.0,-5.6,3.39,5.1,0,0,0,0,
42,41,Cam Talbot,31.0,2TM,G,35,32,11,17,3,108,997,889,0.892,3.4,1,1905:16,9,0.281,10,120.0,-18.1,3.62,3.6,0,1,1,0,
43,41,Cam Talbot,31.0,EDM,G,31,29,10,15,3,95,888,793,0.893,3.36,1,1694:34,9,0.31,9,119.0,-15.0,3.58,3.4,0,1,1,0,
44,41,Cam Talbot,31.0,PHI,G,4,3,1,2,0,13,109,96,0.881,3.7,0,210:42,0,0.0,1,132.0,-3.2,3.99,0.3,0,0,0,0,
45,42,Alexandar Georgiev,22.0,NYR,G,33,30,14,13,4,91,1057,966,0.914,2.91,2,1874:10,15,0.5,3,96.0,4.3,3.11,6.3,0,2,2,2,
46,43,Curtis McElhinney,35.0,CAR,G,33,33,20,11,2,85,968,883,0.912,2.58,2,1977:31,17,0.515,6,97.0,2.2,2.76,5.6,0,0,0,0,
47,44,Cam Ward,34.0,CHI,G,33,29,16,12,4,115,1113,998,0.897,3.67,0,1882:03,15,0.517,5,115.0,-14.7,3.92,4.6,0,1,1,4,
48,45,Jordan Binnington,25.0,STL,G,32,30,24,5,1,59,807,748,0.927,1.89,5,1876:25,20,0.667,1,81.0,13.7,2.01,6.0,0,0,0,0,ASnhl-9AR-1Hart-10Calder-2Vezina-5
49,46,Jack Campbell,27.0,LAK,G,31,25,10,14,1,61,845,784,0.928,2.3,2,1592:46,16,0.64,3,80.0,15.2,2.45,6.3,0,1,1,0,
50,47,Carter Hart,20.0,PHI,G,31,30,16,13,1,81,976,895,0.917,2.83,0,1716:55,14,0.467,4,92.0,7.0,3.01,6.2,0,0,0,0,Calder-9
51,48,Juuse Saros,23.0,NSH,G,31,27,17,10,2,74,870,796,0.915,2.62,3,1696:13,14,0.519,6,94.0,4.4,2.79,5.3,0,0,0,0,
52,49,Pheonix Copley,27.0,WSH,G,27,24,16,7,3,74,776,702,0.905,2.9,1,1528:56,14,0.583,4,106.0,-4.1,3.1,3.9,0,1,1,0,
53,50,Joonas Korpisalo,24.0,CBJ,G,27,21,10,7,3,67,651,584,0.897,2.95,0,1360:34,8,0.381,4,114.0,-8.3,3.13,2.7,0,0,0,0,
54,51,Louis Domingue,26.0,TBL,G,26,26,21,5,0,75,812,737,0.908,2.88,0,1560:37,14,0.538,2,102.0,-1.8,3.08,4.3,0,1,1,4,
55,52,Brian Elliott,33.0,PHI,G,26,23,11,11,1,69,741,672,0.907,2.96,1,1396:43,12,0.522,4,103.0,-2.2,3.18,3.9,0,1,1,2,
56,53,Cory Schneider,32.0,NJD,G,26,23,6,13,4,70,718,648,0.903,3.06,1,1371:47,10,0.435,5,108.0,-5.3,3.28,3.4,0,0,0,0,
57,54,Aaron Dell,29.0,SJS,G,25,20,10,8,4,70,613,543,0.886,3.17,2,1323:17,6,0.3,6,127.0,-14.7,3.4,1.9,0,0,0,0,
58,55,Mackenzie Blackwood,22.0,NJD,G,23,21,10,10,0,55,669,614,0.918,2.61,2,1263:52,14,0.667,4,91.0,5.3,2.8,4.3,0,0,0,0,
59,56,Laurent Brossoit,25.0,WPG,G,21,19,13,6,2,49,652,603,0.925,2.52,1,1165:17,12,0.632,2,83.0,9.8,2.68,4.7,0,0,0,0,
60,57,Alex Stalock,31.0,MIN,G,21,16,6,8,3,53,525,472,0.899,2.99,0,1065:06,9,0.563,1,112.0,-5.7,3.21,2.3,0,2,2,4,
61,58,Malcolm Subban,25.0,VEG,G,21,20,8,10,2,60,612,552,0.902,2.93,1,1226:47,8,0.4,3,109.0,-4.8,3.13,2.9,0,0,0,4,
62,59,Ryan Miller,38.0,ANA,G,20,17,8,7,2,51,578,527,0.912,2.76,1,1108:48,10,0.588,2,98.0,1.1,2.92,3.3,0,0,0,0,
63,60,Garret Sparks,25.0,TOR,G,20,17,8,9,1,58,592,534,0.902,3.15,1,1104:42,8,0.471,3,109.0,-4.6,3.37,2.8,0,0,0,0,
64,61,Chad Johnson,32.0,2TM,G,19,11,2,11,0,49,406,357,0.879,3.63,1,810:29,3,0.273,3,134.0,-12.4,3.85,0.9,0,0,0,0,
65,61,Chad Johnson,32.0,STL,G,10,7,2,6,0,29,250,221,0.884,3.55,1,490:47,2,0.286,2,129.0,-6.5,3.79,0.7,0,0,0,0,
66,61,Chad Johnson,32.0,ANA,G,9,4,0,5,0,20,156,136,0.872,3.75,0,319:42,1,0.25,1,142.0,-5.9,3.94,0.2,0,0,0,0,
67,62,Anthony Stolarz,25.0,2TM,G,18,12,4,5,3,50,503,453,0.901,3.45,1,868:25,5,0.417,2,110.0,-4.7,3.66,2.3,0,0,0,0,
68,62,Anthony Stolarz,25.0,PHI,G,12,10,4,3,3,35,358,323,0.902,3.33,1,629:44,4,0.4,2,108.0,-2.7,3.53,1.7,0,0,0,0,
69,62,Anthony Stolarz,25.0,EDM,G,6,2,0,2,0,15,145,130,0.897,3.77,0,238:41,1,0.5,0,115.0,-1.9,4.02,0.6,0,0,0,0,
70,63,Antti Niemi,35.0,MTL,G,17,17,8,6,2,61,539,478,0.887,3.78,0,968:48,4,0.235,5,126.0,-12.4,4.03,1.7,0,1,1,0,
71,64,Calvin Pickard,26.0,2TM,G,17,12,4,6,2,48,384,336,0.875,3.86,1,746:48,4,0.333,4,139.0,-13.4,4.1,0.7,0,0,0,2,
72,64,Calvin Pickard,26.0,PHI,G,11,8,4,2,2,31,227,196,0.863,4.01,1,464:10,2,0.25,4,152.0,-10.5,4.27,0.1,0,0,0,2,
73,64,Calvin Pickard,26.0,ARI,G,6,4,0,4,0,17,157,140,0.892,3.61,0,282:38,2,0.5,0,120.0,-2.8,3.82,0.6,0,0,0,0,
74,65,Collin Delia,24.0,CHI,G,16,14,6,4,3,50,545,495,0.908,3.61,0,831:03,6,0.429,2,102.0,-0.9,3.83,2.9,0,0,0,0,
75,66,Adin Hill,22.0,ARI,G,13,11,7,5,0,32,322,290,0.901,2.76,1,696:21,4,0.364,1,110.0,-3.0,2.93,1.5,0,0,0,0,
76,67,Antti Raanta,29.0,ARI,G,12,12,5,6,0,33,351,318,0.906,2.88,0,687:06,6,0.5,1,104.0,-1.4,3.06,1.8,0,1,1,0,
77,68,Sam Montembeault,22.0,FLA,G,11,10,4,3,2,30,282,252,0.894,3.04,0,591:24,5,0.5,3,118.0,-4.6,3.25,1.1,0,1,1,0,
78,69,Calvin Petersen,24.0,LAK,G,11,10,5,4,1,27,355,328,0.924,2.61,1,621:42,6,0.6,1,84.0,5.0,2.8,2.5,0,0,0,0,
79,70,Mike McKenna,35.0,2TM,G,11,7,1,5,1,34,316,282,0.892,3.99,0,511:15,3,0.429,1,119.0,-5.5,4.22,1.2,0,0,0,0,
80,70,Mike McKenna,35.0,OTT,G,10,6,1,4,1,30,292,262,0.897,3.96,0,454:23,3,0.5,0,114.0,-3.7,4.23,1.2,0,0,0,0,
81,70,Mike McKenna,35.0,PHI,G,1,1,0,1,0,4,24,20,0.833,4.22,0,56:52,0,0.0,1,185.0,-1.8,4.22,-0.1,0,0,0,0,
82,71,Thatcher Demko,23.0,VAN,G,9,8,4,3,1,25,288,263,0.913,2.81,0,534:09,6,0.75,2,96.0,1.0,3.03,1.7,0,1,1,0,
83,72,Michael Hutchinson,28.0,2TM,G,9,8,3,4,2,27,239,212,0.887,3.27,1,496:10,2,0.25,2,125.0,-5.5,3.51,0.8,0,0,0,0,
84,72,Michael Hutchinson,28.0,FLA,G,4,3,1,1,2,14,87,73,0.839,4.17,0,201:14,0,0.0,2,179.0,-6.2,4.47,-0.2,0,0,0,0,
85,72,Michael Hutchinson,28.0,TOR,G,5,5,2,3,0,13,152,139,0.914,2.64,1,294:56,2,0.4,0,95.0,0.7,2.85,0.9,0,0,0,0,
86,73,Scott Darling,30.0,CAR,G,8,8,2,4,2,27,233,206,0.884,3.34,0,485:34,2,0.25,3,129.0,-6.0,3.58,0.7,0,0,0,0,
87,74,Michal Neuvirth,30.0,PHI,G,7,6,1,4,1,26,184,158,0.859,4.27,0,365:38,1,0.167,4,157.0,-9.4,4.59,0.0,0,0,0,0,
88,75,Kevin Boyle,26.0,ANA,G,5,4,1,3,0,10,139,129,0.928,2.17,1,276:51,2,0.5,0,80.0,2.5,2.38,1.0,0,0,0,0,
89,76,Marcus Högberg,24.0,OTT,G,4,4,0,2,1,14,121,107,0.884,4.09,0,205:30,1,0.25,1,128.0,-3.1,4.38,0.3,0,0,0,0,
90,77,Peter Budaj,36.0,LAK,G,3,1,0,1,0,6,33,27,0.818,5.02,0,71:45,0,0.0,1,202.0,-3.0,5.02,-0.1,0,0,0,0,
91,78,Eddie Pasquale,28.0,TBL,G,3,3,2,1,0,12,102,90,0.882,3.96,0,181:58,1,0.333,1,131.0,-2.8,4.29,0.3,0,0,0,0,
92,79,Landon Bow,23.0,DAL,G,2,0,0,0,0,1,19,18,0.947,1.03,0,58:15,0,,0,58.0,0.7,1.03,0.2,0,0,0,0,
93,80,Mike Condon,28.0,OTT,G,2,2,0,2,0,8,40,32,0.8,6.38,0,75:15,0,0.0,2,222.0,-4.4,7.18,-0.2,0,0,0,0,
94,81,Pavel Francouz,28.0,COL,G,2,0,0,2,0,2,35,33,0.943,1.96,0,61:11,0,,0,63.0,1.2,1.96,0.3,0,0,0,0,
95,82,Christopher Gibson,26.0,NYI,G,2,0,0,0,0,1,17,16,0.941,1.5,0,40:00,0,,0,65.0,0.5,1.5,0.2,0,0,0,0,
96,83,Tristan Jarry,23.0,PIT,G,2,2,0,1,1,7,62,55,0.887,3.5,0,120:03,1,0.5,1,125.0,-1.4,3.5,0.2,0,0,0,0,
97,84,Alex Lyon,26.0,PHI,G,2,1,0,1,0,6,31,25,0.806,5.08,0,70:49,0,0.0,1,215.0,-3.2,5.08,-0.2,0,0,0,0,
98,85,Richard Bachman,31.0,VAN,G,1,1,0,1,0,6,29,23,0.793,6.0,0,60:00,0,0.0,1,230.0,-3.4,6.0,-0.2,0,0,0,0,
99,86,Eric Comrie,23.0,WPG,G,1,1,0,1,0,5,28,23,0.821,5.01,0,59:53,0,0.0,1,198.0,-2.5,5.01,-0.1,0,0,0,0,
100,87,Joey Daccord,22.0,OTT,G,1,1,0,1,0,5,40,35,0.875,5.0,0,60:00,0,0.0,0,139.0,-1.4,5.0,0.1,0,0,0,0,
101,88,Michael DiPietro,19.0,VAN,G,1,1,0,1,0,7,24,17,0.708,7.0,0,60:00,0,0.0,1,324.0,-4.8,7.0,-0.4,0,0,0,0,
102,89,Kaden Fulcher,20.0,DET,G,1,0,0,0,0,2,11,9,0.818,4.41,0,27:13,0,,0,202.0,-1.0,4.41,0.0,0,0,0,0,
103,90,Maxime Lagace,26.0,VEG,G,1,1,0,1,0,4,31,27,0.871,4.03,0,59:31,0,0.0,0,143.0,-1.2,4.03,0.0,0,0,0,0,
104,91,Charlie Lindgren,25.0,MTL,G,1,1,1,0,0,5,49,44,0.898,4.62,0,65:00,0,0.0,0,113.0,-0.6,4.62,0.2,0,0,0,0,
105,92,Hunter Miska,23.0,ARI,G,1,0,0,0,0,1,9,8,0.889,3.28,0,18:16,0,,0,123.0,-0.2,3.28,0.0,0,0,0,0,
106,93,Alex Nedeljkovic,23.0,CAR,G,1,1,1,0,0,2,26,24,0.923,2.0,0,60:00,1,1.0,0,85.0,0.3,2.0,0.2,0,0,0,0,
0,1,Connor Hellebuyck,26.0,WPG,G,58,56,31,21,5,140,1796,1656,0.922,2.57,6,3268:33,36,0.643,6,86.0,22.4,2.74,12.5,0,2,2,0,ASGASnhl-1Byng-21Hart-6Vezina-1
1,2,Carey Price,32.0,MTL,G,58,58,27,25,6,160,1755,1595,0.909,2.79,4,3439:49,31,0.534,11,101.0,-1.3,2.97,9.8,0,0,0,6,ASnhl-8
2,3,Frederik Andersen,30.0,TOR,G,52,52,29,13,7,143,1577,1434,0.909,2.85,3,3006:40,27,0.519,8,100.0,-0.4,3.03,8.9,0,0,0,0,ASGASnhl-12
3,4,Andrei Vasilevskiy,25.0,TBL,G,52,52,35,14,3,133,1605,1472,0.917,2.56,3,3121:54,31,0.596,7,92.0,12.1,2.71,10.4,0,4,4,4,ASGASnhl-3Vezina-3
4,5,John Gibson,26.0,ANA,G,51,51,20,26,5,149,1552,1403,0.904,3.0,1,2981:17,22,0.431,10,106.0,-8.7,3.2,7.8,0,0,0,6,
5,6,Jordan Binnington,26.0,STL,G,50,50,30,13,7,126,1430,1304,0.912,2.56,3,2947:41,28,0.56,5,97.0,3.3,2.73,8.4,0,1,1,4,ASGASnhl-7Vezina-7
6,7,Sergei Bobrovsky,31.0,FLA,G,50,49,23,19,6,151,1505,1354,0.9,3.23,1,2805:59,20,0.408,10,111.0,-14.9,3.44,6.9,0,0,0,0,
7,8,Marc-André Fleury,35.0,VEG,G,49,48,27,16,5,133,1399,1266,0.905,2.77,5,2880:06,24,0.5,9,105.0,-6.5,2.96,7.2,0,0,0,8,Byng-19
8,9,Braden Holtby,30.0,WSH,G,48,47,25,14,6,142,1385,1243,0.897,3.11,0,2743:10,22,0.468,11,113.0,-16.8,3.32,6.0,0,1,1,4,ASGByng-28
9,10,David Rittich,27.0,CGY,G,48,48,24,17,6,138,1478,1340,0.907,2.97,2,2791:58,24,0.5,7,103.0,-4.4,3.16,7.9,0,1,1,6,ASG
10,11,Mackenzie Blackwood,23.0,NJD,G,47,43,22,14,8,124,1452,1328,0.915,2.77,3,2684:01,22,0.512,6,94.0,7.3,2.95,9.0,0,1,1,0,ASnhl-12Calder-6
11,12,Jonathan Bernier,31.0,DET,G,46,41,15,22,3,126,1353,1227,0.907,2.95,1,2565:56,17,0.415,5,103.0,-3.7,3.13,7.2,0,3,3,4,
12,13,Semyon Varlamov,31.0,NYI,G,45,39,19,14,6,110,1278,1168,0.914,2.62,2,2517:19,21,0.538,4,95.0,5.6,2.79,7.8,0,0,0,0,
13,14,Ben Bishop,33.0,DAL,G,44,43,21,16,4,103,1286,1183,0.92,2.5,2,2473:49,27,0.628,5,89.0,13.3,2.64,8.7,0,2,2,2,ASnhl-4
14,15,Carter Hart,21.0,PHI,G,43,40,24,13,3,95,1100,1005,0.914,2.42,1,2355:50,25,0.625,9,96.0,4.5,2.57,6.7,0,0,0,0,ASnhl-9
15,16,Jacob Markström,30.0,VAN,G,43,43,23,16,4,117,1420,1303,0.918,2.75,2,2551:53,25,0.581,5,91.0,11.4,2.92,9.2,0,1,1,4,ASGASnhl-5Hart-15Vezina-4
16,17,Jonathan Quick,34.0,LAK,G,42,42,16,22,4,117,1224,1107,0.904,2.79,1,2516:14,21,0.5,5,106.0,-6.3,2.98,6.2,0,1,1,0,
17,18,Martin Jones,30.0,SJS,G,41,40,17,21,2,118,1139,1021,0.896,3.0,2,2359:50,15,0.375,11,115.0,-15.0,3.2,4.8,0,1,1,0,
18,19,Tuukka Rask,32.0,BOS,G,41,41,26,8,6,85,1189,1104,0.929,2.12,5,2401:47,28,0.683,3,79.0,22.5,2.25,9.1,0,2,2,0,ASnhl-2Jennings-1Vezina-2
19,20,Corey Crawford,35.0,CHI,G,40,39,16,20,3,108,1294,1186,0.917,2.77,1,2340:03,25,0.641,3,92.0,9.0,2.95,8.3,0,0,0,0,ASnhl-12
20,21,Petr Mrázek,27.0,CAR,G,40,38,21,16,2,104,1091,987,0.905,2.69,3,2320:59,19,0.5,7,105.0,-5.3,2.87,5.6,0,0,0,4,
21,22,Juuse Saros,24.0,NSH,G,40,34,17,12,4,98,1142,1044,0.914,2.7,4,2176:50,21,0.618,3,95.0,5.3,2.87,7.0,0,0,0,0,
22,23,Mike Smith,37.0,EDM,G,39,37,19,12,6,106,1087,981,0.902,2.95,1,2156:51,17,0.459,9,108.0,-7.7,3.14,5.3,0,2,2,21,
23,24,Mikko Koskinen,31.0,EDM,G,38,34,18,13,3,97,1175,1078,0.917,2.75,1,2116:31,17,0.5,5,91.0,9.2,2.92,7.6,0,0,0,0,
24,25,Matt Murray,25.0,PIT,G,38,38,20,11,5,107,1055,948,0.899,2.87,1,2237:30,16,0.421,8,112.0,-11.6,3.06,4.7,0,1,1,2,
25,26,Alex Stalock,32.0,MIN,G,38,36,20,11,4,97,1082,985,0.91,2.67,4,2177:21,19,0.528,5,99.0,0.8,2.84,6.2,0,1,1,4,
26,27,Joonas Korpisalo,25.0,CBJ,G,37,35,19,12,5,92,1030,938,0.911,2.6,2,2125:54,21,0.6,5,99.0,1.1,2.77,5.9,0,1,1,0,
27,28,Philipp Grubauer,28.0,COL,G,36,36,18,12,4,90,1067,977,0.916,2.63,2,2057:06,17,0.472,4,93.0,6.5,2.8,6.7,0,0,0,0,
28,29,Pekka Rinne,37.0,NSH,G,36,35,18,14,4,105,1004,899,0.895,3.17,3,1987:46,16,0.457,11,116.0,-14.2,3.38,4.1,1,2,3,0,
29,30,Robin Lehner,28.0,2TM,G,36,34,19,10,5,99,1235,1136,0.92,2.89,1,2055:28,19,0.559,4,89.0,12.7,3.06,8.3,0,0,0,4,Vezina-6
30,30,Robin Lehner,28.0,CHI,G,33,31,16,10,5,94,1152,1058,0.918,3.01,0,1875:28,17,0.548,4,90.0,10.2,3.2,7.6,0,0,0,4,
31,30,Robin Lehner,28.0,VEG,G,3,3,3,0,0,5,83,78,0.94,1.67,1,180:00,2,0.667,0,67.0,2.5,1.67,0.7,0,0,0,0,
32,31,Craig Anderson,38.0,OTT,G,34,31,11,17,2,100,1018,918,0.902,3.25,0,1845:11,14,0.452,7,109.0,-7.9,3.48,4.9,0,1,1,0,
33,32,Pavel Francouz,29.0,COL,G,34,31,21,7,4,77,996,919,0.923,2.41,1,1914:26,17,0.548,5,85.0,13.1,2.57,7.0,0,0,0,2,ASnhl-12
34,33,Alexandar Georgiev,23.0,NYR,G,34,32,17,14,2,96,1063,967,0.91,3.04,2,1891:44,17,0.531,5,100.0,0.1,3.24,6.0,0,1,1,0,
35,34,Linus Ullmark,26.0,BUF,G,34,34,17,14,3,91,1066,975,0.915,2.69,1,2026:38,19,0.559,2,94.0,5.4,2.87,6.6,0,0,0,4,
36,35,Aaron Dell,30.0,SJS,G,33,30,12,15,3,92,986,894,0.907,3.01,0,1834:14,15,0.5,5,103.0,-2.8,3.21,5.3,0,0,0,0,
37,36,Tristan Jarry,24.0,PIT,G,33,31,20,12,1,78,985,907,0.921,2.43,3,1926:29,19,0.613,3,88.0,11.1,2.59,6.7,0,0,0,0,ASGASnhl-9Hart-17Vezina-7
38,37,Elvis Merzļikins,25.0,CBJ,G,33,31,13,9,8,71,919,848,0.923,2.35,5,1815:08,17,0.548,3,85.0,12.1,2.48,6.5,0,0,0,0,ASnhl-9AR-1Calder-5Vezina-5
39,38,Antti Raanta,30.0,ARI,G,33,32,15,14,3,80,1014,934,0.921,2.63,2,1822:54,19,0.594,3,87.0,11.7,2.8,7.0,0,0,0,2,
40,39,Brian Elliott,34.0,PHI,G,31,27,16,7,4,80,796,716,0.899,2.87,2,1673:54,14,0.519,8,111.0,-8.0,3.05,3.6,0,1,1,2,
41,40,Thomas Greiss,34.0,NYI,G,31,29,16,9,4,73,838,765,0.913,2.74,0,1595:56,15,0.517,5,96.0,2.8,2.93,5.0,0,0,0,2,
42,41,Jaroslav Halák,34.0,BOS,G,31,29,18,6,6,73,905,832,0.919,2.39,3,1833:22,18,0.621,3,89.0,8.8,2.55,6.1,0,2,2,0,Jennings-1
43,42,Carter Hutton,34.0,BUF,G,31,30,12,14,4,94,918,824,0.898,3.18,2,1775:26,14,0.467,7,113.0,-11.0,3.38,4.0,0,1,1,6,
44,43,Devan Dubnyk,33.0,MIN,G,30,28,12,15,2,93,849,756,0.89,3.35,1,1664:39,9,0.321,5,121.0,-16.2,3.57,3.1,0,0,0,2,
45,44,Anton Khudobin,33.0,DAL,G,30,26,16,8,4,62,882,820,0.93,2.22,0,1677:29,19,0.731,2,78.0,17.8,2.36,6.9,0,3,3,4,ASnhl-12
46,45,Henrik Lundqvist,37.0,NYR,G,30,26,10,12,3,84,883,799,0.905,3.16,1,1596:44,13,0.5,4,105.0,-4.2,3.38,4.5,0,1,1,2,
47,46,Darcy Kuemper,29.0,ARI,G,29,29,16,11,2,65,903,838,0.928,2.22,2,1753:24,22,0.759,2,80.0,16.7,2.36,6.9,0,0,0,6,ASnhl-6Vezina-7
48,47,Thatcher Demko,24.0,VAN,G,27,25,13,10,2,78,822,744,0.905,3.06,0,1529:03,15,0.6,5,105.0,-3.7,3.26,4.2,0,0,0,0,
49,48,Jimmy Howard,35.0,DET,G,27,27,2,23,2,96,817,721,0.882,4.2,0,1371:34,7,0.259,9,130.0,-22.1,4.51,2.2,0,0,0,0,
50,49,Ilya Samsonov,22.0,WSH,G,26,22,16,6,2,60,689,629,0.913,2.55,1,1411:02,13,0.591,2,96.0,2.3,2.72,4.1,0,0,0,2,Calder-12
51,50,Cam Talbot,32.0,CGY,G,26,22,12,10,1,63,780,717,0.919,2.63,2,1434:39,11,0.5,2,89.0,7.5,2.8,5.2,0,0,0,21,
52,51,Jack Campbell,28.0,2TM,G,26,26,11,12,3,73,761,688,0.904,2.8,0,1566:59,11,0.423,4,106.0,-4.2,2.99,3.8,0,0,0,0,
53,51,Jack Campbell,28.0,LAK,G,20,20,8,10,2,57,572,515,0.9,2.85,0,1201:38,7,0.35,4,110.0,-5.3,3.05,2.7,0,0,0,0,
54,51,Jack Campbell,28.0,TOR,G,6,6,3,2,1,16,189,173,0.915,2.63,0,365:21,4,0.667,0,94.0,1.1,2.79,1.2,0,0,0,0,
55,52,James Reimer,31.0,CAR,G,25,24,14,6,2,61,712,651,0.914,2.66,3,1378:01,15,0.625,6,95.0,3.4,2.83,4.4,0,0,0,2,
56,53,Jake Allen,29.0,STL,G,24,21,12,6,3,48,655,607,0.927,2.15,2,1339:04,14,0.667,2,81.0,11.2,2.29,4.9,0,0,0,0,
57,54,Marcus Högberg,25.0,OTT,G,24,21,5,8,8,70,728,658,0.904,3.12,0,1344:33,10,0.476,3,106.0,-4.2,3.35,3.7,0,0,0,0,
58,55,Ryan Miller,39.0,ANA,G,23,19,9,6,4,64,685,621,0.907,3.1,0,1238:14,11,0.579,2,103.0,-2.1,3.3,3.6,0,1,1,0,
59,56,Malcolm Subban,26.0,2TM,G,21,19,9,7,3,60,546,486,0.89,3.17,0,1134:15,7,0.368,7,122.0,-10.6,3.39,1.9,0,0,0,0,
60,56,Malcolm Subban,26.0,VEG,G,20,19,9,7,3,60,546,486,0.89,3.18,0,1133:05,7,0.368,7,122.0,-10.6,3.39,1.9,0,0,0,0,
61,56,Malcolm Subban,26.0,CHI,G,1,0,0,0,0,0,0,0,,0.0,0,1:10,0,,0,,0.0,0.0,0.0,0,0,0,0,
62,57,Anders Nilsson,29.0,OTT,G,20,19,9,9,2,58,628,570,0.908,3.18,0,1093:16,11,0.579,5,102.0,-1.2,3.4,3.4,0,0,0,0,
63,58,Laurent Brossoit,26.0,WPG,G,19,15,6,7,1,54,512,458,0.895,3.28,0,987:53,7,0.467,1,117.0,-7.7,3.52,2.1,0,0,0,0,
64,59,Curtis McElhinney,36.0,TBL,G,18,18,8,7,3,52,551,499,0.906,2.89,1,1080:56,8,0.444,2,104.0,-2.2,3.05,2.9,0,0,0,0,
65,60,Louis Domingue,27.0,2TM,G,17,15,3,9,2,51,433,382,0.882,3.81,0,802:19,4,0.267,5,130.0,-11.8,4.04,1.2,0,0,0,0,
66,60,Louis Domingue,27.0,NJD,G,16,14,3,8,2,47,399,352,0.882,3.79,0,743:32,4,0.286,5,130.0,-10.9,4.03,1.1,0,0,0,0,
67,60,Louis Domingue,27.0,VAN,G,1,1,0,1,0,4,34,30,0.882,4.08,0,58:47,0,0.0,0,130.0,-0.9,4.08,0.1,0,0,0,0,
68,61,Michael Hutchinson,29.0,2TM,G,16,12,5,9,1,49,439,390,0.888,3.47,1,847:01,4,0.333,0,123.0,-9.3,3.68,1.5,0,0,0,0,
69,61,Michael Hutchinson,29.0,TOR,G,15,11,4,9,1,48,421,373,0.886,3.66,1,787:01,3,0.273,0,126.0,-9.9,3.89,1.3,0,0,0,0,
70,61,Michael Hutchinson,29.0,COL,G,1,1,1,0,0,1,18,17,0.944,1.0,0,60:00,1,1.0,0,61.0,0.6,1.0,0.2,0,0,0,0,
71,62,Sam Montembeault,23.0,FLA,G,14,9,5,5,1,39,356,317,0.89,3.34,0,700:45,3,0.333,2,121.0,-6.8,3.6,1.3,0,0,0,0,
72,63,Adin Hill,23.0,ARI,G,13,9,2,4,3,28,343,315,0.918,2.62,0,640:46,5,0.556,0,90.0,3.0,2.81,2.3,0,0,0,2,
73,64,Cory Schneider,33.0,NJD,G,13,11,3,6,2,40,355,315,0.887,3.53,1,679:16,3,0.273,3,125.0,-7.9,3.8,1.2,0,1,1,0,
74,65,Chris Driedger,25.0,FLA,G,12,11,7,2,1,22,354,332,0.938,2.05,1,642:40,8,0.727,0,69.0,10.0,2.15,3.1,0,0,0,0,
75,66,Igor Shesterkin,24.0,NYR,G,12,12,10,2,0,29,424,395,0.932,2.52,0,691:35,9,0.75,1,76.0,9.3,2.69,3.4,0,0,0,0,
76,67,Calvin Petersen,25.0,LAK,G,8,8,5,3,0,21,269,248,0.922,2.64,0,477:22,5,0.625,0,86.0,3.3,2.77,1.9,0,0,0,0,
77,68,Jonas Johansson,24.0,BUF,G,6,5,1,3,1,16,151,135,0.894,2.94,0,326:44,1,0.2,0,117.0,-2.3,3.12,0.6,0,0,0,0,
78,69,Keith Kinkaid,30.0,MTL,G,6,5,1,1,3,24,192,168,0.875,4.24,0,339:59,0,0.0,0,138.0,-6.6,4.59,0.4,0,0,0,0,
79,70,Matiss Kivlenieks,23.0,CBJ,G,6,4,1,1,2,14,137,123,0.898,2.95,0,284:50,2,0.5,0,113.0,-1.6,3.16,0.6,0,0,0,0,
80,71,Charlie Lindgren,26.0,MTL,G,6,6,2,4,0,20,178,158,0.888,3.33,0,360:51,1,0.167,1,124.0,-3.9,3.49,0.6,0,0,0,0,
81,72,Kaapo Kähkönen,23.0,MIN,G,5,5,3,1,1,15,172,157,0.913,2.96,0,304:12,3,0.6,2,96.0,0.6,3.16,1.0,0,0,0,0,
82,73,Alex Nedeljkovic,24.0,CAR,G,4,3,1,2,1,11,97,86,0.887,3.05,0,216:19,1,0.333,1,125.0,-2.2,3.33,0.3,0,0,0,0,
83,74,Eric Comrie,24.0,DET,G,3,2,0,2,0,9,66,57,0.864,4.28,0,126:15,0,0.0,1,151.0,-3.0,4.75,0.0,0,0,0,0,
84,75,Anton Forsberg,27.0,CAR,G,3,3,1,1,0,8,78,70,0.897,3.35,0,143:09,1,0.333,0,113.0,-0.9,3.77,0.3,0,0,0,0,
85,76,Alex Lyon,27.0,PHI,G,3,2,1,1,0,8,73,65,0.89,3.55,0,135:19,0,0.0,0,121.0,-1.4,3.99,0.3,0,0,0,0,
86,77,Calvin Pickard,27.0,DET,G,3,1,0,2,0,15,74,59,0.797,5.46,0,164:53,0,0.0,1,224.0,-8.3,5.82,-0.5,0,0,0,0,
87,78,Antoine Bibeau,25.0,COL,G,2,1,1,0,0,5,42,37,0.881,3.27,0,91:45,0,0.0,0,132.0,-1.2,3.27,0.1,0,0,0,0,
88,79,Cayden Primeau,20.0,MTL,G,2,2,1,1,0,5,72,67,0.931,2.52,0,119:06,2,1.0,0,77.0,1.5,2.52,0.6,0,0,0,0,
89,80,Gilles Senn,23.0,NJD,G,2,1,0,1,0,4,41,37,0.902,3.42,0,70:05,1,1.0,0,108.0,-0.3,3.42,0.2,0,0,0,0,
90,81,Adam Werner,22.0,COL,G,2,1,1,1,0,5,58,53,0.914,3.42,0,87:50,0,0.0,1,95.0,0.2,3.42,0.4,0,0,0,0,
91,82,David Ayres,42.0,CAR,G,1,0,1,0,0,2,10,8,0.8,4.18,0,28:41,0,,0,221.0,-1.1,4.18,-0.1,0,0,0,0,
92,83,Oscar Dansk,25.0,VEG,G,1,1,0,1,0,6,37,31,0.838,6.0,0,60:00,0,0.0,1,179.0,-2.7,6.0,-0.1,0,0,0,0,
93,84,Michael DiPietro,20.0,VAN,G,1,0,0,0,0,1,7,6,0.857,7.16,0,8:23,0,,0,158.0,-0.4,7.16,0.0,0,0,0,0,
94,85,Kasimir Kaskisuo,26.0,TOR,G,1,1,0,1,0,6,38,32,0.842,6.0,0,60:00,0,0.0,1,175.0,-2.6,6.0,-0.1,0,0,0,0,
95,86,Garret Sparks,26.0,VEG,G,1,0,0,0,0,2,14,12,0.857,4.38,0,27:24,0,,0,158.0,-0.7,4.38,0.0,0,0,0,0,
96,87,Anthony Stolarz,26.0,ANA,G,1,1,0,1,0,2,36,34,0.944,2.05,0,58:33,1,1.0,0,61.0,1.3,2.05,0.3,0,0,0,0,
0,1,Connor Hellebuyck,27.0,WPG,G,45,45,24,17,3,112,1335,1223,0.916,2.58,4,2602:49,25,0.556,6,91.0,11.0,2.81,9.1,0,0,0,0,ASnhl-5Hart-19Vezina-4
1,2,Jacob Markström,31.0,CGY,G,43,43,22,19,2,111,1161,1050,0.904,2.66,3,2507:56,23,0.535,8,104.0,-4.0,2.89,6.4,0,0,0,2,
2,3,Jordan Binnington,27.0,STL,G,42,41,18,14,8,108,1200,1092,0.91,2.65,0,2447:40,21,0.512,5,98.0,2.6,2.89,7.3,0,1,1,2,
3,4,Andrei Vasilevskiy,26.0,TBL,G,42,42,31,10,1,93,1237,1144,0.925,2.21,5,2523:37,24,0.571,0,82.0,21.0,2.4,9.6,0,4,4,0,ASnhl-1Hart-7Vezina-2
4,5,Philipp Grubauer,29.0,COL,G,40,39,30,9,1,77,993,916,0.922,1.95,7,2366:52,26,0.667,5,84.0,14.5,2.13,7.4,0,2,2,0,ASnhl-3Byng-46Vezina-3
5,6,Tristan Jarry,25.0,PIT,G,39,38,25,9,3,100,1100,1000,0.909,2.75,2,2185:18,24,0.632,7,99.0,1.3,3.02,6.6,0,4,4,8,
6,7,Kevin Lankinen,25.0,CHI,G,37,37,17,14,5,109,1204,1095,0.909,3.01,2,2174:49,19,0.514,5,98.0,1.9,3.31,7.3,0,2,2,2,Byng-52Calder-13
7,8,Vítek Vaněček,25.0,WSH,G,37,36,21,10,4,95,1031,936,0.908,2.69,2,2115:29,18,0.5,6,100.0,0.0,2.95,6.1,0,0,0,0,Calder-6
8,9,Marc-André Fleury,36.0,VEG,G,36,36,26,10,0,71,989,918,0.928,1.98,6,2146:36,26,0.722,3,78.0,20.1,2.15,8.0,0,1,1,2,ASnhl-2Byng-21Jennings-1Vezina-1
9,10,Juuse Saros,25.0,NSH,G,36,35,21,11,1,78,1073,995,0.927,2.28,3,2051:48,22,0.629,5,79.0,20.9,2.49,8.6,0,0,0,2,ASnhl-4Hart-11Vezina-6
10,11,Semyon Varlamov,32.0,NYI,G,36,35,19,11,4,72,1020,948,0.929,2.04,7,2116:56,26,0.743,4,77.0,22.0,2.21,8.4,0,1,1,2,ASnhl-6Vezina-5
11,12,Mackenzie Blackwood,24.0,NJD,G,35,35,14,17,4,106,1081,975,0.902,3.04,1,2090:37,18,0.514,10,106.0,-6.4,3.33,5.7,0,0,0,0,
12,13,Thatcher Demko,25.0,VAN,G,35,35,16,18,1,99,1164,1065,0.915,2.85,1,2086:48,19,0.543,3,92.0,8.2,3.13,7.8,0,0,0,0,
13,14,John Gibson,27.0,ANA,G,35,35,9,19,7,101,1042,941,0.903,2.98,3,2030:30,15,0.429,7,105.0,-5.0,3.28,5.6,0,0,0,2,
14,15,Calvin Petersen,26.0,LAK,G,35,32,9,18,5,97,1095,998,0.911,2.89,0,2015:51,16,0.5,3,96.0,3.9,3.15,6.9,0,1,1,0,
15,16,Igor Shesterkin,25.0,NYR,G,35,31,16,14,3,83,987,904,0.916,2.62,2,1899:01,20,0.645,2,91.0,7.9,2.88,6.7,0,0,0,0,Calder-5
16,17,Thomas Greiss,35.0,DET,G,34,29,8,15,8,79,894,815,0.912,2.7,2,1755:09,17,0.586,4,96.0,3.4,2.94,5.6,0,0,0,2,
17,18,Martin Jones,31.0,SJS,G,34,34,15,13,4,102,980,878,0.896,3.28,1,1868:25,15,0.441,12,113.0,-11.7,3.6,4.5,0,0,0,0,
18,19,Joonas Korpisalo,26.0,CBJ,G,33,31,9,13,7,96,904,808,0.894,3.3,0,1747:26,13,0.419,8,115.0,-12.7,3.61,3.9,0,1,1,2,
19,20,Cam Talbot,33.0,MIN,G,33,33,19,8,5,86,1008,922,0.915,2.63,2,1961:27,21,0.636,2,93.0,6.9,2.88,6.7,0,0,0,0,
20,21,Anton Khudobin,34.0,DAL,G,32,32,12,11,7,76,799,723,0.905,2.54,3,1794:37,17,0.531,8,103.0,-2.4,2.77,4.4,0,2,2,2,
21,22,Mike Smith,38.0,EDM,G,32,30,21,6,2,71,921,850,0.923,2.31,3,1846:33,19,0.633,3,84.0,13.9,2.53,6.9,0,2,2,6,ASnhl-7Vezina-7
22,23,Sergei Bobrovsky,32.0,FLA,G,31,30,19,8,2,88,935,847,0.906,2.91,0,1816:28,16,0.533,4,102.0,-1.9,3.17,5.3,0,0,0,0,
23,24,Brian Elliott,35.0,PHI,G,30,26,15,9,2,82,738,656,0.889,3.06,2,1607:43,12,0.462,8,121.0,-14.0,3.36,2.8,0,1,1,0,
24,25,Jake Allen,30.0,MTL,G,29,27,11,12,5,76,817,741,0.907,2.68,0,1702:36,12,0.444,2,101.0,-0.7,2.92,4.7,0,0,0,2,
25,26,Jake Oettinger,22.0,DAL,G,29,24,11,8,7,63,710,647,0.911,2.36,1,1604:08,12,0.5,3,96.0,2.4,2.58,4.4,0,1,1,4,
26,27,Elvis Merzļikins,26.0,CBJ,G,28,23,8,12,5,69,825,756,0.916,2.77,2,1496:49,14,0.609,2,91.0,7.0,3.05,5.6,0,1,1,0,
27,28,Carter Hart,22.0,PHI,G,27,25,9,11,5,89,721,632,0.877,3.67,1,1456:19,9,0.36,8,134.0,-22.6,4.04,1.8,0,0,0,2,
28,29,Darcy Kuemper,30.0,ARI,G,27,27,10,11,3,66,710,644,0.907,2.56,2,1546:37,15,0.556,3,101.0,-0.6,2.79,4.1,0,0,0,4,
29,30,Matt Murray,26.0,OTT,G,27,25,10,13,1,79,738,659,0.893,3.38,2,1404:11,14,0.56,8,116.0,-11.0,3.72,3.1,0,1,1,2,
30,31,Mikko Koskinen,32.0,EDM,G,26,25,13,13,0,76,756,680,0.899,3.17,0,1437:39,12,0.48,4,109.0,-6.3,3.46,3.8,0,2,2,0,
31,32,Carey Price,33.0,MTL,G,25,25,12,7,5,65,659,594,0.901,2.64,1,1478:45,14,0.56,6,107.0,-4.3,2.88,3.4,0,0,0,0,
32,33,Frederik Andersen,31.0,TOR,G,24,23,13,8,3,70,668,598,0.895,2.96,0,1420:07,9,0.391,6,114.0,-8.5,3.25,3.0,0,1,1,0,
33,34,Jonathan Bernier,32.0,DET,G,24,23,9,11,1,65,757,692,0.914,2.99,0,1306:27,15,0.652,4,93.0,4.7,3.26,5.0,0,0,0,0,
34,35,Kaapo Kähkönen,24.0,MIN,G,24,23,16,8,0,68,692,624,0.902,2.88,2,1414:28,10,0.435,3,107.0,-4.2,3.18,3.6,0,0,0,2,Calder-15
35,36,Tuukka Rask,33.0,BOS,G,24,24,15,5,2,53,611,558,0.913,2.28,2,1396:27,16,0.667,5,94.0,3.3,2.49,4.0,0,2,2,0,
36,37,Pekka Rinne,38.0,NSH,G,24,21,10,12,1,62,664,602,0.907,2.84,2,1310:29,12,0.571,3,101.0,-0.8,3.11,3.8,0,1,1,0,Clancy-1
37,38,Chris Driedger,26.0,FLA,G,23,23,14,6,3,47,640,593,0.927,2.07,3,1361:36,15,0.652,3,80.0,12.0,2.25,5.1,0,2,2,0,
38,39,Alex Nedeljkovic,25.0,CAR,G,23,23,15,5,3,44,648,604,0.932,1.9,3,1392:02,15,0.652,0,74.0,15.7,2.07,5.5,0,1,1,2,AR-1Calder-3
39,40,Jack Campbell,29.0,TOR,G,22,22,17,3,2,46,585,539,0.921,2.15,2,1284:24,13,0.591,2,85.0,7.9,2.34,4.3,0,0,0,0,Byng-38
40,41,Jonathan Quick,35.0,LAK,G,22,22,11,9,2,58,566,508,0.898,2.86,2,1218:49,10,0.455,4,111.0,-5.9,3.15,2.7,0,0,0,0,
41,42,James Reimer,32.0,CAR,G,22,21,15,5,2,59,627,568,0.906,2.66,0,1331:06,10,0.476,1,102.0,-1.2,2.93,3.6,0,0,0,0,
42,43,Ilya Sorokin,25.0,NYI,G,22,21,13,6,3,46,563,517,0.918,2.17,3,1271:47,15,0.714,3,89.0,5.9,2.36,4.0,0,0,0,0,Calder-15
43,44,Devan Dubnyk,34.0,2TM,G,22,18,6,11,2,63,602,539,0.895,3.2,1,1182:22,8,0.444,4,114.0,-7.5,3.55,2.7,0,0,0,2,
44,44,Devan Dubnyk,34.0,SJS,G,17,13,3,9,2,47,462,415,0.898,3.18,1,887:44,6,0.462,3,110.0,-4.4,3.51,2.2,0,0,0,2,
45,44,Devan Dubnyk,34.0,COL,G,5,5,3,2,0,16,140,124,0.886,3.26,0,294:38,2,0.4,1,124.0,-3.1,3.67,0.5,0,0,0,0,
46,45,Braden Holtby,31.0,VAN,G,21,21,7,11,3,77,695,618,0.889,3.67,0,1260:29,7,0.333,5,120.0,-13.0,4.05,2.7,0,1,1,0,
47,46,Casey DeSmith,29.0,PIT,G,20,17,11,7,0,48,543,495,0.912,2.54,2,1132:19,9,0.529,2,96.0,2.0,2.81,3.4,0,1,1,0,
48,47,Linus Ullmark,27.0,BUF,G,20,20,9,6,3,49,591,542,0.917,2.63,0,1117:05,11,0.55,0,90.0,5.4,2.9,4.1,0,0,0,0,
49,48,Alexandar Georgiev,24.0,NYR,G,19,18,8,7,2,44,465,421,0.905,2.71,2,973:56,9,0.5,3,103.0,-1.2,2.96,2.6,0,1,1,0,
50,49,Jaroslav Halák,35.0,BOS,G,19,17,9,6,4,46,482,436,0.905,2.53,2,1090:01,9,0.529,3,104.0,-1.6,2.75,2.7,0,0,0,0,
51,50,Adin Hill,24.0,ARI,G,19,17,9,9,1,46,530,484,0.913,2.74,2,1005:54,8,0.471,2,94.0,2.8,2.98,3.4,0,0,0,0,
52,51,Robin Lehner,29.0,VEG,G,19,19,13,4,2,44,505,461,0.913,2.29,1,1155:19,12,0.632,4,95.0,2.5,2.49,3.2,0,1,1,0,Jennings-1
53,52,Ilya Samsonov,23.0,WSH,G,19,18,13,4,1,49,499,450,0.902,2.69,2,1092:49,7,0.389,3,107.0,-3.0,2.96,2.6,0,1,1,0,
54,53,David Rittich,28.0,2TM,G,19,15,5,8,2,46,463,417,0.901,2.86,1,965:46,7,0.467,3,108.0,-3.3,3.11,2.4,0,0,0,0,
55,53,David Rittich,28.0,CGY,G,15,12,4,7,1,36,374,338,0.904,2.9,1,745:05,6,0.5,2,104.0,-1.5,3.14,2.0,0,0,0,0,
56,53,David Rittich,28.0,TOR,G,4,3,1,1,1,10,89,79,0.888,2.72,0,220:41,1,0.333,1,122.0,-1.8,2.99,0.3,0,0,0,0,
57,54,Ville Husso,25.0,STL,G,17,15,9,6,1,49,460,411,0.893,3.21,1,917:19,7,0.467,2,116.0,-6.6,3.53,2.0,0,0,0,4,
58,55,Ryan Miller,40.0,ANA,G,16,14,4,8,2,51,432,381,0.882,3.51,0,870:55,5,0.357,4,128.0,-11.2,3.86,1.3,0,0,0,0,
59,56,Malcolm Subban,27.0,CHI,G,16,14,6,8,1,47,471,424,0.9,3.2,2,881:17,6,0.429,4,108.0,-3.6,3.54,2.4,0,0,0,0,
60,57,Scott Wedgewood,28.0,NJD,G,16,15,3,8,3,46,458,412,0.9,3.11,2,888:02,5,0.333,4,109.0,-3.8,3.38,2.3,0,0,0,0,
61,58,Jonas Johansson,25.0,2TM,G,15,13,5,6,2,39,380,341,0.897,2.86,1,816:50,6,0.462,2,111.0,-4.0,3.09,1.8,0,0,0,0,
62,58,Jonas Johansson,25.0,BUF,G,7,6,0,5,1,24,207,183,0.884,3.79,0,379:53,1,0.167,1,126.0,-4.9,4.11,0.7,0,0,0,0,
63,58,Jonas Johansson,25.0,COL,G,8,7,5,1,1,15,173,158,0.913,2.06,1,436:57,5,0.714,1,94.0,0.9,2.2,1.1,0,0,0,0,
64,59,Laurent Brossoit,27.0,WPG,G,14,11,6,6,0,30,368,338,0.918,2.42,1,744:07,7,0.636,0,88.0,3.9,2.66,2.6,0,0,0,0,
65,60,Marcus Högberg,26.0,OTT,G,14,10,4,7,0,40,322,282,0.876,3.74,0,641:51,3,0.3,3,135.0,-10.3,4.11,0.8,0,0,0,0,
66,61,Carter Hutton,35.0,BUF,G,13,12,1,10,1,39,341,302,0.886,3.47,0,674:43,6,0.5,4,124.0,-7.6,3.82,1.2,0,0,0,0,
67,62,Dustin Tokarski,31.0,BUF,G,13,10,2,8,2,43,447,404,0.904,3.54,0,729:26,5,0.5,1,104.0,-1.8,3.87,2.4,0,1,1,0,
68,63,Curtis McElhinney,37.0,TBL,G,12,12,4,6,2,37,296,259,0.875,3.09,1,719:19,5,0.417,4,136.0,-9.7,3.42,0.7,0,0,0,2,
69,64,Petr Mrázek,28.0,CAR,G,12,12,6,2,3,23,298,275,0.923,2.06,3,670:59,7,0.583,1,84.0,4.5,2.24,2.2,0,0,0,0,
70,65,Antti Raanta,31.0,ARI,G,12,11,5,5,2,38,401,363,0.905,3.36,0,678:50,6,0.545,2,103.0,-1.1,3.71,2.2,0,0,0,0,
71,66,Josef Kořenář,23.0,SJS,G,10,7,3,5,0,26,258,232,0.899,3.17,0,491:50,3,0.429,1,109.0,-2.2,3.42,1.3,0,0,0,0,
72,67,Jeremy Swayman,22.0,BOS,G,10,10,7,3,0,15,271,256,0.945,1.5,2,601:43,9,0.9,0,60.0,10.0,1.6,2.7,0,0,0,0,
73,68,Filip Gustavsson,22.0,OTT,G,9,7,5,1,2,17,254,237,0.933,2.16,0,471:34,6,0.857,0,73.0,6.4,2.42,2.2,0,0,0,0,
74,69,Keith Kinkaid,31.0,NYR,G,9,7,3,2,1,21,205,184,0.898,2.59,1,485:53,3,0.429,3,111.0,-2.1,2.84,1.0,0,0,0,0,
75,70,Joey Daccord,24.0,OTT,G,8,6,1,3,1,22,214,192,0.897,3.27,0,403:22,3,0.5,1,112.0,-2.3,3.57,1.0,0,0,0,0,
76,71,Anton Forsberg,28.0,OTT,G,8,8,3,4,1,24,264,240,0.909,3.21,0,448:33,6,0.75,1,99.0,0.3,3.48,1.6,0,0,0,0,
77,72,Michael Hutchinson,30.0,TOR,G,8,8,4,2,1,17,211,194,0.919,2.42,1,421:52,5,0.625,1,87.0,2.4,2.7,1.5,0,0,0,0,
78,73,Anthony Stolarz,27.0,ANA,G,8,7,4,3,0,17,230,213,0.926,2.2,1,464:18,5,0.714,1,80.0,4.2,2.46,1.8,0,1,1,0,
79,74,Aaron Dell,31.0,NJD,G,7,5,1,5,0,22,154,132,0.857,4.14,0,319:10,1,0.2,1,155.0,-7.8,4.51,0.1,0,0,0,0,
80,75,Collin Delia,26.0,CHI,G,6,5,1,3,1,20,205,185,0.902,3.59,0,334:29,1,0.2,1,106.0,-1.1,3.95,1.1,0,0,0,0,
81,76,Alex Lyon,28.0,PHI,G,6,5,1,3,1,18,169,151,0.893,3.33,0,324:09,2,0.4,2,116.0,-2.4,3.7,0.7,0,0,0,0,
82,77,Calvin Pickard,28.0,DET,G,6,4,2,1,1,16,127,111,0.874,3.16,0,303:31,2,0.5,1,137.0,-4.3,3.56,0.3,0,0,0,0,
83,78,Hunter Miska,25.0,COL,G,5,5,1,1,2,18,111,93,0.838,4.16,0,259:48,1,0.2,2,176.0,-7.8,4.62,-0.2,0,0,0,0,
84,79,Daniel Vladař,23.0,BOS,G,5,5,2,2,1,17,149,132,0.886,3.4,0,300:04,2,0.4,1,124.0,-3.3,3.8,0.5,0,0,0,0,
85,80,Craig Anderson,39.0,WSH,G,4,2,2,1,0,6,71,65,0.915,2.13,0,168:44,1,0.5,0,92.0,0.5,2.49,0.5,0,0,0,0,
86,81,Michael Houser,28.0,BUF,G,4,4,2,2,0,14,141,127,0.901,3.46,0,243:02,3,0.75,1,108.0,-1.0,3.7,0.7,0,0,0,0,
87,82,Spencer Knight,19.0,FLA,G,4,3,4,0,0,8,99,91,0.919,2.32,0,206:54,1,0.333,0,88.0,1.1,2.61,0.7,0,0,0,0,
88,83,Ukko-Pekka Luukkonen,21.0,BUF,G,4,4,1,3,0,14,149,135,0.906,3.88,0,216:42,1,0.25,0,102.0,-0.3,4.15,0.8,0,0,0,0,
89,84,Cayden Primeau,21.0,MTL,G,4,4,1,2,1,14,93,79,0.849,4.16,0,201:54,1,0.25,2,163.0,-5.4,4.46,0.0,0,0,0,0,
90,85,Alexei Melnichuk,22.0,SJS,G,3,2,0,1,1,11,81,70,0.864,5.05,0,130:35,0,0.0,1,147.0,-3.5,5.51,0.1,0,0,0,0,
91,86,Ivan Prosvetov,21.0,ARI,G,3,1,0,1,0,9,51,42,0.824,4.15,0,130:01,0,0.0,1,192.0,-4.3,4.61,-0.2,0,0,0,0,
92,87,Christopher Gibson,28.0,TBL,G,2,2,1,1,0,5,40,35,0.875,2.66,0,112:58,1,0.5,1,136.0,-1.3,2.66,0.1,0,0,0,0,
93,88,Troy Grosenick,31.0,LAK,G,2,2,1,1,0,6,77,71,0.922,3.0,0,120:00,1,0.5,0,85.0,1.1,3.5,0.6,0,0,0,0,
94,89,Matiss Kivlenieks,24.0,CBJ,G,2,2,1,1,0,7,71,64,0.901,3.4,0,123:21,1,0.5,0,107.0,-0.5,3.89,0.4,0,0,0,0,
95,90,Eric Comrie,25.0,NJD,G,1,1,1,0,0,3,33,30,0.909,3.0,0,60:00,1,1.0,0,99.0,0.0,3.0,0.2,0,0,0,0,
96,91,Oscar Dansk,26.0,VEG,G,1,1,1,0,0,4,29,25,0.862,3.91,0,61:25,0,0.0,0,150.0,-1.3,3.91,0.0,0,0,0,0,
97,92,Louis Domingue,28.0,CGY,G,1,1,0,1,0,3,23,20,0.87,3.12,0,57:42,0,0.0,0,142.0,-0.9,3.12,0.0,0,0,0,0,
98,93,Kasimir Kaskisuo,27.0,NSH,G,1,0,0,0,0,0,3,3,1.0,0.0,0,15:22,0,,0,0.0,0.3,0.0,0.0,0,0,0,0,
99,94,Maxime Lagace,28.0,PIT,G,1,1,1,0,0,0,29,29,1.0,0.0,1,60:00,1,1.0,0,0.0,2.7,0.0,0.5,0,0,0,0,
100,95,Stuart Skinner,22.0,EDM,G,1,1,1,0,0,5,38,33,0.868,5.03,0,59:41,0,0.0,0,143.0,-1.5,5.03,0.1,0,0,0,0,
101,96,Logan Thompson,23.0,VEG,G,1,0,0,0,0,0,2,2,1.0,0.0,0,8:15,0,,0,0.0,0.2,0.0,0.0,0,0,0,0,
102,97,Veini Vehviläinen,23.0,CBJ,G,1,0,0,0,0,1,4,3,0.75,5.63,0,10:40,0,,0,271.0,-0.6,5.63,0.0,0,0,0,0,
103,98,Artyom Zagidulin,25.0,CGY,G,1,0,0,0,0,2,11,9,0.818,4.25,0,28:13,0,,0,197.0,-1.0,4.25,0.0,0,0,0,0,
0,1,Juuse Saros,26.0,NSH,G,67,67,38,25,3,173,2107,1934,0.918,2.64,4,3931:42,43,0.642,8,88.0,23.0,2.7,14.0,0,0,0,0,ASGASnhl-4Vezina-3
1,2,Connor Hellebuyck,28.0,WPG,G,66,66,29,27,10,193,2155,1962,0.91,2.97,4,3903:30,39,0.591,10,96.0,7.4,3.04,12.7,0,2,2,0,
2,3,Thatcher Demko,26.0,VAN,G,64,61,33,22,7,168,1967,1799,0.915,2.72,1,3700:39,35,0.574,7,92.0,14.9,2.79,12.4,0,2,2,2,ASGASnhl-8Vezina-7
3,4,Jacob Markström,32.0,CGY,G,63,63,37,15,9,137,1754,1617,0.922,2.22,9,3695:50,38,0.603,6,84.0,26.1,2.27,12.4,0,3,3,10,ASnhl-2Vezina-2
4,5,Andrei Vasilevskiy,27.0,TBL,G,63,63,39,18,5,156,1868,1712,0.916,2.49,2,3760:45,39,0.619,7,90.0,17.7,2.55,12.2,0,1,1,6,ASGASnhl-6Vezina-5
5,6,Elvis Merzļikins,27.0,CBJ,G,59,56,27,23,7,178,1920,1742,0.907,3.22,2,3320:07,27,0.482,5,100.0,0.6,3.31,10.7,0,2,2,8,
6,7,Alex Nedeljkovic,26.0,DET,G,59,52,20,24,9,178,1796,1618,0.901,3.31,4,3230:48,28,0.538,10,107.0,-11.0,3.4,8.8,0,2,2,2,Calder-14
7,8,Tristan Jarry,26.0,PIT,G,58,56,34,18,6,138,1711,1573,0.919,2.42,4,3415:11,35,0.625,6,87.0,21.1,2.48,11.6,0,2,2,2,ASGASnhl-11Vezina-7
8,9,Darcy Kuemper,31.0,COL,G,57,57,37,12,4,138,1754,1616,0.921,2.54,5,3258:45,32,0.561,7,85.0,25.1,2.6,12.3,0,0,0,2,ASnhl-7
9,10,John Gibson,28.0,ANA,G,56,56,18,26,11,172,1789,1617,0.904,3.19,1,3235:35,28,0.5,11,103.0,-5.6,3.28,9.3,0,1,1,12,ASG
10,11,Marc-André Fleury,37.0,2TM,G,56,56,28,23,5,159,1732,1573,0.908,2.9,4,3284:52,28,0.5,15,99.0,2.1,3.0,9.8,0,2,2,2,Byng-25
11,11,Marc-André Fleury,37.0,CHI,G,45,45,19,21,5,129,1398,1269,0.908,2.95,4,2626:58,22,0.489,12,99.0,1.0,3.04,7.8,0,1,1,2,
12,11,Marc-André Fleury,37.0,MIN,G,11,11,9,2,0,30,334,304,0.91,2.74,0,657:54,6,0.545,3,97.0,1.1,2.83,2.0,0,1,1,0,
13,12,Philipp Grubauer,30.0,SEA,G,55,54,18,31,5,164,1479,1315,0.889,3.16,2,3111:25,18,0.333,10,119.0,-26.4,3.26,5.5,0,1,1,0,
14,13,Sergei Bobrovsky,33.0,FLA,G,54,53,39,7,3,137,1566,1429,0.913,2.67,3,3082:10,33,0.623,6,94.0,8.6,2.74,9.6,0,0,0,4,ASnhl-9
15,14,Igor Shesterkin,26.0,NYR,G,53,52,36,13,4,106,1622,1516,0.935,2.07,6,3070:32,38,0.731,4,70.0,44.9,2.11,13.6,0,1,1,2,ASnhl-1Hart-3Vezina-1
16,15,Frederik Andersen,32.0,CAR,G,52,51,35,14,3,111,1431,1320,0.922,2.17,4,3070:53,30,0.588,5,83.0,22.1,2.23,10.2,0,4,4,0,ASGASnhl-3Byng-66Jennings-1Vezina-4
17,16,Ilya Sorokin,26.0,NYI,G,52,52,26,18,8,123,1643,1520,0.925,2.4,7,3072:17,37,0.712,7,80.0,29.8,2.46,12.1,0,0,0,0,ASnhl-5Vezina-6
18,17,Karel Vejmelka,25.0,ARI,G,52,49,13,32,3,170,1669,1499,0.898,3.68,1,2773:14,22,0.449,14,110.0,-14.8,3.81,7.7,0,0,0,0,
19,18,Jack Campbell,30.0,TOR,G,49,47,31,9,6,123,1430,1307,0.914,2.64,5,2795:24,28,0.596,10,92.0,10.0,2.7,8.9,0,1,1,0,ASGByng-22
20,19,Cam Talbot,34.0,MIN,G,49,48,32,12,4,132,1488,1356,0.911,2.76,3,2864:23,28,0.583,7,95.0,6.4,2.85,8.9,0,1,1,2,ASG
21,20,Jake Oettinger,23.0,DAL,G,48,46,30,15,1,114,1331,1217,0.914,2.53,1,2707:36,27,0.587,5,92.0,9.8,2.59,8.4,0,2,2,0,
22,21,James Reimer,33.0,SJS,G,48,46,19,17,10,129,1450,1321,0.911,2.9,1,2672:41,30,0.652,9,96.0,5.9,2.99,8.6,0,0,0,0,
23,22,Anton Forsberg,29.0,OTT,G,46,44,22,17,4,121,1457,1336,0.917,2.82,1,2571:27,29,0.659,5,89.0,14.5,2.89,9.6,0,0,0,2,
24,23,Jonathan Quick,36.0,LAK,G,46,46,23,13,9,116,1284,1168,0.91,2.59,2,2685:52,24,0.522,7,97.0,3.4,2.66,7.5,0,1,1,6,ASnhl-11
25,24,Carter Hart,23.0,PHI,G,45,44,13,24,7,137,1441,1304,0.905,3.16,1,2603:04,21,0.477,6,102.0,-3.0,3.25,7.7,0,1,1,0,
26,25,Mikko Koskinen,33.0,EDM,G,45,43,27,12,4,136,1397,1261,0.903,3.1,1,2628:38,19,0.442,7,105.0,-6.1,3.2,7.1,0,0,0,4,
27,26,Robin Lehner,30.0,VEG,G,44,44,23,17,2,120,1288,1168,0.907,2.83,1,2546:39,20,0.455,7,100.0,-0.2,2.9,7.1,0,1,1,10,
28,27,Ilya Samsonov,24.0,WSH,G,44,39,23,12,5,119,1145,1026,0.896,3.02,3,2361:18,13,0.333,8,112.0,-12.5,3.1,5.1,0,0,0,0,
29,28,Vítek Vaněček,26.0,WSH,G,42,39,20,12,6,103,1117,1014,0.908,2.67,4,2317:23,18,0.462,5,99.0,0.9,2.74,6.3,0,0,0,0,
30,29,Jeremy Swayman,23.0,BOS,G,41,39,23,14,3,96,1111,1015,0.914,2.41,3,2390:14,24,0.615,5,93.0,7.3,2.46,6.9,0,0,0,6,AR-1Calder-5
31,30,Linus Ullmark,28.0,BOS,G,41,39,26,10,2,95,1140,1045,0.917,2.45,1,2330:26,20,0.513,3,90.0,11.0,2.5,7.4,0,1,1,4,
32,31,Ville Husso,26.0,STL,G,40,38,25,7,6,100,1236,1136,0.919,2.56,2,2341:14,23,0.605,3,87.0,15.0,2.64,8.4,0,0,0,0,ASnhl-9Vezina-7
33,32,Sam Montembeault,25.0,MTL,G,38,30,8,18,6,122,1124,1002,0.891,3.77,1,1942:49,11,0.367,7,117.0,-17.5,3.89,4.4,0,0,0,0,
34,33,Jordan Binnington,28.0,STL,G,37,37,18,14,4,112,1135,1023,0.901,3.13,2,2144:57,16,0.432,7,106.0,-6.4,3.22,5.6,0,0,0,14,
35,34,Calvin Petersen,27.0,LAK,G,37,35,20,14,2,105,1002,897,0.895,2.89,3,2176:30,20,0.571,7,113.0,-11.8,2.98,4.3,0,0,0,2,
36,35,Scott Wedgewood,29.0,3TM,G,37,32,13,15,6,110,1218,1108,0.91,3.14,1,2104:48,14,0.438,1,97.0,3.3,3.22,7.1,0,0,0,0,
37,35,Scott Wedgewood,29.0,NJD,G,3,2,0,2,1,9,75,66,0.88,3.19,0,169:26,0,0.0,0,129.0,-2.0,3.19,0.2,0,0,0,0,
38,35,Scott Wedgewood,29.0,ARI,G,26,23,10,12,2,78,878,800,0.911,3.16,0,1481:26,11,0.478,1,96.0,3.7,3.24,5.2,0,0,0,0,
39,35,Scott Wedgewood,29.0,DAL,G,8,7,3,1,3,23,265,242,0.913,3.04,1,453:56,3,0.429,0,93.0,1.6,3.17,1.6,0,0,0,0,
40,36,Kaapo Kähkönen,25.0,2TM,G,36,33,14,14,4,93,1056,963,0.912,2.87,0,1946:57,22,0.667,6,95.0,5.2,2.96,6.4,0,1,1,2,
41,36,Kaapo Kähkönen,25.0,MIN,G,25,23,12,8,3,66,734,668,0.91,2.87,0,1380:58,15,0.652,5,97.0,2.3,2.95,4.3,0,1,1,2,
42,36,Kaapo Kähkönen,25.0,SJS,G,11,10,2,6,1,27,322,295,0.916,2.86,0,565:59,7,0.7,1,90.0,2.9,2.97,2.1,0,0,0,0,
43,37,Jake Allen,31.0,MTL,G,35,35,9,20,4,107,1123,1016,0.905,3.3,2,1947:40,18,0.514,8,102.0,-2.6,3.39,6.0,0,0,0,2,
44,38,Martin Jones,32.0,PHI,G,35,33,12,18,3,114,1141,1027,0.9,3.42,0,1997:08,15,0.455,3,107.0,-7.9,3.52,5.5,0,0,0,0,
45,39,Alexandar Georgiev,25.0,NYR,G,33,28,15,10,2,85,832,747,0.898,2.92,2,1746:06,13,0.464,9,110.0,-7.6,2.99,3.8,0,0,0,0,
46,40,Spencer Knight,20.0,FLA,G,32,27,19,9,3,81,876,795,0.908,2.79,2,1740:14,14,0.519,6,99.0,0.5,2.86,4.9,0,0,0,0,
47,41,Kevin Lankinen,26.0,CHI,G,32,29,8,15,6,106,973,867,0.891,3.5,0,1815:35,12,0.414,6,117.0,-15.5,3.6,3.8,0,1,1,0,
48,42,Craig Anderson,40.0,BUF,G,31,31,17,12,2,97,945,848,0.897,3.12,0,1867:15,14,0.452,7,110.0,-9.1,3.21,4.3,0,1,1,0,
49,43,Thomas Greiss,36.0,DET,G,31,28,10,15,1,92,842,750,0.891,3.66,0,1507:44,14,0.5,7,117.0,-13.7,3.78,3.3,0,1,1,2,
50,44,Semyon Varlamov,33.0,NYI,G,31,29,10,17,2,87,978,891,0.911,2.91,2,1792:17,16,0.552,3,96.0,4.0,2.98,5.8,0,0,0,0,
51,45,Dustin Tokarski,32.0,BUF,G,29,28,10,12,5,91,900,809,0.899,3.27,1,1671:26,13,0.464,7,109.0,-7.3,3.37,4.2,0,0,0,0,
52,46,Antti Raanta,32.0,CAR,G,28,26,15,5,4,62,706,644,0.912,2.45,2,1516:38,15,0.577,1,94.0,3.7,2.53,4.3,0,0,0,0,Jennings-1
53,47,Mike Smith,39.0,EDM,G,28,27,16,9,2,74,874,800,0.915,2.81,2,1579:58,15,0.556,3,91.0,7.3,2.89,5.6,0,1,1,6,
54,48,Anthony Stolarz,28.0,ANA,G,28,23,12,8,3,67,809,742,0.917,2.67,3,1506:25,15,0.652,2,89.0,8.2,2.75,5.3,0,1,1,2,
55,49,Chris Driedger,27.0,SEA,G,27,24,9,14,1,73,722,649,0.899,2.96,1,1478:24,9,0.375,3,109.0,-5.8,3.04,3.4,0,0,0,4,
56,50,Casey DeSmith,30.0,PIT,G,26,24,11,6,5,66,769,703,0.914,2.79,3,1418:09,12,0.5,4,92.0,5.5,2.88,4.8,0,0,0,0,
57,51,Mackenzie Blackwood,25.0,NJD,G,25,24,9,10,4,79,731,652,0.892,3.39,2,1399:03,9,0.375,2,116.0,-11.0,3.47,2.9,0,0,0,0,
58,52,Nico Daws,21.0,NJD,G,25,23,10,11,1,66,617,551,0.893,3.11,0,1271:32,7,0.304,7,115.0,-8.6,3.21,2.5,0,0,0,0,
59,53,Adin Hill,25.0,SJS,G,25,22,10,11,1,61,648,587,0.906,2.66,2,1375:57,12,0.545,4,101.0,-0.7,2.75,3.5,0,2,2,0,
60,54,Laurent Brossoit,28.0,VEG,G,24,21,10,9,3,62,588,526,0.895,2.9,1,1281:26,10,0.476,4,113.0,-7.3,3.0,2.5,0,0,0,0,
61,55,Braden Holtby,32.0,DAL,G,24,22,10,10,1,61,700,639,0.913,2.78,0,1318:28,13,0.591,3,94.0,4.1,2.87,4.3,0,0,0,2,
62,56,Daniel Vladař,24.0,CGY,G,23,19,13,6,2,57,608,551,0.906,2.75,2,1243:08,11,0.579,4,101.0,-0.5,2.85,3.3,0,1,1,0,
63,57,Joonas Korpisalo,27.0,CBJ,G,22,17,7,11,0,78,634,556,0.877,4.15,0,1128:29,5,0.294,6,132.0,-19.0,4.25,1.6,0,0,0,2,
64,58,Pavel Francouz,31.0,COL,G,21,18,15,5,1,51,608,557,0.916,2.55,2,1200:09,6,0.333,1,90.0,5.5,2.6,3.9,0,0,0,0,
65,59,Petr Mrázek,29.0,TOR,G,20,18,12,6,0,58,520,462,0.888,3.34,0,1042:07,6,0.333,4,120.0,-9.6,3.45,1.9,0,0,0,0,
66,60,Matt Murray,27.0,OTT,G,20,20,5,12,2,60,640,580,0.906,3.05,1,1181:31,12,0.6,3,101.0,-0.5,3.15,3.5,0,0,0,0,
67,61,Jon Gillies,28.0,2TM,G,20,15,3,10,2,62,550,488,0.887,3.7,0,1004:45,6,0.4,3,121.0,-10.8,3.82,1.9,0,1,1,0,
68,61,Jon Gillies,28.0,STL,G,1,1,0,0,1,3,39,36,0.923,2.82,0,63:46,1,1.0,0,83.0,0.6,2.82,0.3,0,0,0,0,
69,61,Jon Gillies,28.0,NJD,G,19,14,3,10,1,59,511,452,0.885,3.76,0,940:59,5,0.357,3,124.0,-11.5,3.89,1.7,0,1,1,0,
70,62,Eric Comrie,26.0,WPG,G,19,16,10,5,1,44,550,506,0.92,2.58,1,1024:49,10,0.625,1,86.0,7.2,2.63,3.8,0,1,1,0,
71,63,Brian Elliott,36.0,TBL,G,19,17,11,4,3,43,489,446,0.912,2.43,1,1063:25,7,0.412,2,95.0,2.5,2.48,3.0,0,0,0,0,
72,64,Logan Thompson,24.0,VEG,G,19,17,10,5,3,49,569,520,0.914,2.68,1,1097:44,10,0.588,2,93.0,3.9,2.73,3.6,0,0,0,0,
73,65,Filip Gustavsson,23.0,OTT,G,18,16,5,12,1,62,574,512,0.892,3.55,0,1047:33,7,0.438,5,116.0,-8.6,3.67,2.3,0,0,0,0,
74,66,Jaroslav Halák,36.0,VAN,G,17,14,4,7,2,39,400,361,0.903,2.94,0,796:39,8,0.571,2,105.0,-1.8,3.01,2.0,0,0,0,2,
75,67,David Rittich,29.0,NSH,G,17,12,6,3,4,49,431,382,0.886,3.57,0,822:56,4,0.333,1,122.0,-8.9,3.65,1.5,0,0,0,2,
76,68,Erik Källgren,25.0,TOR,G,14,12,8,4,1,43,385,342,0.888,3.31,1,779:29,5,0.417,3,120.0,-7.2,3.39,1.4,0,0,0,2,
77,69,Stuart Skinner,23.0,EDM,G,13,12,6,6,0,32,367,335,0.913,2.62,1,734:09,6,0.5,2,94.0,2.1,2.7,2.3,0,0,0,0,
78,70,Aaron Dell,32.0,BUF,G,12,9,1,8,1,38,354,316,0.893,4.03,0,565:23,2,0.222,2,115.0,-5.1,4.14,1.4,0,0,0,2,
79,71,Cayden Primeau,22.0,MTL,G,12,9,1,7,1,40,302,262,0.868,4.62,0,519:13,3,0.333,6,142.0,-11.9,4.74,0.5,0,0,0,0,
80,72,Jonas Johansson,26.0,2TM,G,11,8,3,4,1,39,264,225,0.852,4.81,0,486:31,3,0.375,4,159.0,-14.4,4.93,0.0,0,0,0,0,
81,72,Jonas Johansson,26.0,COL,G,9,6,3,2,1,24,200,176,0.88,3.89,0,370:18,3,0.5,2,129.0,-5.4,4.05,0.6,0,0,0,0,
82,72,Jonas Johansson,26.0,FLA,G,2,2,0,2,0,15,64,49,0.766,7.74,0,116:13,0,0.0,2,252.0,-9.0,7.74,-0.6,0,0,0,0,
83,73,Andrew Hammond,33.0,2TM,G,11,10,4,5,1,38,314,276,0.879,3.89,0,586:28,4,0.4,4,130.0,-8.8,3.99,0.8,0,0,0,0,
84,73,Andrew Hammond,33.0,MTL,G,4,3,3,0,0,8,100,92,0.92,2.4,0,200:10,2,0.667,0,86.0,1.3,2.4,0.7,0,0,0,0,
85,73,Andrew Hammond,33.0,NJD,G,7,7,1,5,1,30,214,184,0.86,4.66,0,386:18,2,0.286,4,151.0,-10.1,4.81,0.2,0,0,0,0,
86,74,Jonathan Bernier,33.0,NJD,G,10,8,4,4,1,26,264,238,0.902,3.06,0,510:06,3,0.375,1,106.0,-1.4,3.18,1.3,0,0,0,0,
87,75,Anton Khudobin,35.0,DAL,G,9,7,3,4,1,28,231,203,0.879,3.63,0,462:28,3,0.429,1,130.0,-6.5,3.76,0.6,0,0,0,0,
88,76,Ukko-Pekka Luukkonen,22.0,BUF,G,9,9,2,5,2,23,277,254,0.917,2.74,0,503:04,5,0.556,1,89.0,2.8,2.86,1.8,0,0,0,0,
89,77,Collin Delia,27.0,CHI,G,8,6,1,4,1,22,218,196,0.899,3.85,0,343:06,3,0.5,1,109.0,-1.7,4.02,1.0,0,0,0,0,
90,78,Zachary Sawchenko,24.0,SJS,G,7,3,1,2,1,15,151,136,0.901,3.35,0,268:58,2,0.667,0,107.0,-1.0,3.35,0.7,0,0,0,0,
91,79,Jean-François Bérubé,30.0,CBJ,G,6,6,3,2,0,21,209,188,0.9,4.12,0,305:53,4,0.667,2,108.0,-1.6,4.32,1.0,0,1,1,0,
92,80,Spencer Martin,26.0,VAN,G,6,6,3,0,3,11,218,207,0.95,1.74,0,378:21,6,1.0,0,54.0,9.3,1.74,2.2,0,0,0,0,
93,81,Harri Säteri,32.0,ARI,G,6,4,2,2,1,21,157,136,0.866,4.22,0,298:22,0,0.0,3,144.0,-6.4,4.42,0.2,0,0,0,0,
94,82,Akira Schmid,21.0,NJD,G,6,4,0,4,0,19,114,95,0.833,4.83,0,235:59,0,0.0,3,179.0,-8.4,5.09,-0.2,0,0,0,0,
95,83,Joey Daccord,25.0,SEA,G,5,4,0,4,0,21,140,119,0.85,4.3,0,293:13,0,0.0,3,161.0,-8.0,4.5,0.0,0,0,0,0,
96,84,Charlie Lindgren,28.0,STL,G,5,4,5,0,0,5,118,113,0.958,1.22,0,246:25,4,1.0,0,46.0,6.0,1.22,1.3,0,0,0,0,
97,85,Carey Price,34.0,MTL,G,5,5,1,4,0,18,148,130,0.878,3.63,0,297:30,3,0.6,2,131.0,-4.2,3.83,0.4,0,0,0,0,
98,86,Felix Sandström,25.0,PHI,G,5,5,0,4,1,16,177,161,0.91,3.23,0,297:15,3,0.6,0,97.0,0.5,3.23,1.0,0,0,0,0,
99,87,Lukáš Dostál,21.0,ANA,G,4,3,1,2,0,10,108,98,0.907,2.98,0,201:27,2,0.667,1,100.0,0.0,2.98,0.6,0,0,0,0,
100,88,Zachary Fucale,26.0,WSH,G,4,3,1,1,1,5,66,61,0.924,1.75,1,171:35,2,0.667,1,81.0,1.1,1.75,0.5,0,0,0,0,
101,89,Tuukka Rask,34.0,BOS,G,4,4,2,2,0,14,90,76,0.844,4.28,0,196:21,2,0.5,2,167.0,-5.6,4.28,-0.1,0,0,0,2,ASnhl-11
102,90,Malcolm Subban,28.0,BUF,G,4,3,0,2,1,17,132,115,0.871,4.85,0,210:28,1,0.333,1,138.0,-4.7,4.85,0.2,0,0,0,0,
103,91,Daniil Tarasov,22.0,CBJ,G,4,3,0,2,0,7,111,104,0.937,2.4,0,174:51,3,1.0,0,68.0,3.3,2.4,1.0,0,0,0,0,
104,92,Joseph Woll,23.0,TOR,G,4,4,3,1,0,11,123,112,0.911,2.75,1,239:54,2,0.5,0,96.0,0.4,2.75,0.7,0,0,0,2,
105,93,Carter Hutton,36.0,ARI,G,3,3,0,2,0,15,58,43,0.741,7.76,0,115:58,1,0.333,2,278.0,-9.6,7.76,-0.7,0,0,0,0,
106,94,Connor Ingram,24.0,NSH,G,3,3,1,2,0,11,91,80,0.879,3.71,0,177:45,1,0.333,1,130.0,-2.5,3.71,0.2,0,0,0,0,
107,95,Pyotr Kochetkov,22.0,CAR,G,3,2,3,0,0,6,61,55,0.902,2.42,0,148:36,2,1.0,0,106.0,-0.3,2.42,0.3,0,0,0,0,
108,96,Calvin Pickard,29.0,DET,G,3,1,1,1,0,9,72,63,0.875,4.3,0,125:38,1,1.0,0,134.0,-2.3,4.3,0.2,0,0,0,0,
109,97,Ivan Prosvetov,22.0,ARI,G,3,3,0,2,1,13,104,91,0.875,4.22,0,185:00,1,0.333,2,134.0,-3.3,4.22,0.2,0,0,0,0,
110,98,Arvid Söderblom,22.0,CHI,G,3,2,0,2,0,13,95,82,0.863,5.01,0,155:49,0,0.0,1,147.0,-4.2,5.01,0.1,0,0,0,0,
111,99,Justus Annunen,21.0,COL,G,2,1,1,0,1,7,51,44,0.863,4.34,0,96:46,0,0.0,1,148.0,-2.3,4.34,0.1,0,1,1,0,
112,100,Pheonix Copley,30.0,WSH,G,2,1,0,1,0,5,41,36,0.878,3.11,0,96:35,0,0.0,1,131.0,-1.2,3.11,0.1,0,0,0,0,
113,101,Louis Domingue,29.0,PIT,G,2,2,1,1,0,4,83,79,0.952,2.02,0,118:45,2,1.0,0,52.0,3.7,2.02,0.8,0,0,0,0,
114,102,Joel Hofer,21.0,STL,G,2,2,1,1,0,6,50,44,0.88,3.07,0,117:09,0,0.0,0,129.0,-1.3,3.07,0.1,0,1,1,0,
115,103,Michael Houser,29.0,BUF,G,2,2,2,0,0,4,77,73,0.948,2.0,0,120:00,2,1.0,0,56.0,3.2,2.0,0.7,0,0,0,0,
116,104,Michael Hutchinson,31.0,TOR,G,2,1,0,1,0,6,42,36,0.857,4.57,0,78:43,0,0.0,0,154.0,-2.1,4.57,0.0,0,0,0,0,
117,105,Josef Kořenář,24.0,ARI,G,2,0,0,0,0,3,35,32,0.914,2.56,0,70:18,0,,0,92.0,0.3,2.56,0.2,0,0,0,0,
118,106,Jack LaFontaine,24.0,CAR,G,2,1,0,1,0,9,41,32,0.78,7.2,0,74:57,0,0.0,1,236.0,-5.2,7.2,-0.3,0,0,0,0,
119,107,Maxime Lagace,29.0,TBL,G,2,2,1,1,0,10,58,48,0.828,6.11,0,98:08,0,0.0,1,185.0,-4.6,6.11,-0.1,0,0,0,0,
120,108,Alex Lyon,29.0,CAR,G,2,2,1,0,1,6,65,59,0.908,2.93,0,122:49,1,0.5,0,99.0,0.0,2.93,0.4,0,0,0,0,
121,109,Garret Sparks,28.0,LAK,G,2,1,1,0,0,3,47,44,0.936,1.85,0,97:13,1,1.0,0,69.0,1.4,1.85,0.4,0,0,0,0,
122,110,Mads Søgaard,21.0,OTT,G,2,2,1,1,0,6,54,48,0.889,3.07,0,117:18,1,0.5,1,119.0,-1.0,3.07,0.2,0,0,0,0,
123,111,Hugo Alnefelt,20.0,TBL,G,1,0,0,0,0,3,10,7,0.7,9.0,0,20:00,0,,0,323.0,-2.1,9.0,-0.2,0,0,0,0,
124,112,Michael DiPietro,22.0,VAN,G,1,1,0,1,0,3,17,14,0.824,3.14,0,57:21,0,0.0,1,190.0,-1.4,3.14,-0.1,0,0,0,0,
125,113,Magnus Hellberg,30.0,DET,G,1,1,1,0,0,3,23,20,0.87,3.0,0,60:00,0,0.0,0,140.0,-0.9,3.0,0.0,0,0,0,0,
126,114,Thomas Hodges,28.0,ANA,G,1,0,0,1,0,1,3,2,0.667,3.11,0,19:16,0,,0,358.0,-0.7,3.11,-0.1,0,0,0,0,
127,115,Adam Huska,24.0,NYR,G,1,1,0,1,0,7,39,32,0.821,7.04,0,59:42,0,0.0,1,193.0,-3.4,7.04,-0.1,0,0,0,0,
128,116,Keith Kinkaid,32.0,NYR,G,1,1,1,0,0,2,31,29,0.935,2.0,0,60:00,1,1.0,0,69.0,0.9,2.0,0.3,0,0,0,0,
129,117,Michael McNiven,24.0,MTL,G,1,0,0,0,0,3,7,4,0.571,9.0,0,20:00,0,,0,461.0,-2.3,9.0,-0.2,0,0,0,0,
130,118,Cory Schneider,35.0,NYI,G,1,1,1,0,0,3,30,27,0.9,3.0,0,60:00,0,0.0,0,108.0,-0.2,3.0,0.1,0,0,0,0,
131,119,Alex Stalock,34.0,SJS,G,1,1,0,1,0,6,28,22,0.786,7.81,0,46:07,0,0.0,1,230.0,-3.4,7.81,-0.2,0,0,0,0,
0,1,Connor Hellebuyck,29.0,WPG,G,64,64,37,25,2,157,1964,1807,0.92,2.49,4,3777:58,44,0.688,6,83.0,31.1,2.51,14.3,0,0,0,0,ASGASnhl-3Byng-37Hart-11Vezina-3
1,2,Juuse Saros,27.0,NSH,G,64,63,33,23,7,171,2099,1928,0.919,2.69,2,3809:59,40,0.635,9,85.0,30.0,2.72,14.9,0,1,1,0,ASGASnhl-4Hart-20Vezina-4
2,3,Alexandar Georgiev,26.0,COL,G,62,62,40,16,6,156,1904,1748,0.918,2.53,5,3700:20,41,0.661,6,86.0,26.3,2.55,13.4,0,1,1,0,ASnhl-6Vezina-7
3,4,Jake Oettinger,24.0,DAL,G,62,61,37,11,11,144,1776,1632,0.919,2.37,5,3644:53,39,0.639,8,85.0,26.1,2.39,12.7,0,1,1,2,ASnhl-5Vezina-5
4,5,Ilya Sorokin,27.0,NYI,G,62,60,31,22,7,140,1838,1698,0.924,2.34,6,3587:04,42,0.7,8,80.0,36.0,2.36,14.1,0,1,1,0,ASGASnhl-2Hart-9Vezina-2
5,6,Jordan Binnington,29.0,STL,G,61,60,27,27,6,194,1826,1632,0.894,3.31,2,3516:03,27,0.45,13,111.0,-19.2,3.36,8.4,0,2,2,29,
6,7,Andrei Vasilevskiy,28.0,TBL,G,60,60,34,22,4,159,1875,1716,0.915,2.65,4,3596:25,35,0.583,11,89.0,20.5,2.67,12.7,0,2,2,0,ASGASnhl-9Vezina-6
7,8,Jacob Markström,33.0,CGY,G,59,58,23,21,12,166,1542,1376,0.892,2.92,1,3410:50,26,0.448,14,112.0,-18.4,2.96,6.9,0,2,2,14,
8,9,Igor Shesterkin,27.0,NYR,G,58,58,37,13,8,144,1719,1575,0.916,2.48,3,3488:46,35,0.603,6,87.0,20.6,2.49,11.8,0,1,1,2,ASGASnhl-8Vezina-8
9,10,Darcy Kuemper,32.0,WSH,G,57,56,22,26,7,154,1674,1520,0.908,2.87,5,3223:47,28,0.5,7,96.0,6.3,2.9,10.1,0,0,0,4,
10,11,Ville Husso,27.0,DET,G,56,56,26,22,7,167,1603,1436,0.896,3.11,4,3220:14,26,0.464,17,109.0,-13.5,3.15,7.7,0,0,0,0,
11,12,Carter Hart,24.0,PHI,G,55,54,22,23,10,155,1665,1510,0.907,2.94,2,3163:46,24,0.444,11,97.0,4.4,2.98,9.9,0,0,0,0,
12,13,John Gibson,29.0,ANA,G,53,52,14,31,8,200,1983,1783,0.899,3.99,1,3004:55,25,0.481,13,105.0,-10.1,4.07,10.2,0,2,2,12,
13,14,Vítek Vaněček,27.0,NJD,G,52,48,33,11,4,119,1333,1214,0.911,2.45,3,2915:34,32,0.667,9,93.0,8.6,2.47,8.4,0,3,3,2,
14,15,Sergei Bobrovsky,34.0,FLA,G,50,49,24,20,3,145,1466,1321,0.901,3.07,1,2834:22,30,0.612,10,103.0,-4.6,3.11,7.8,0,0,0,2,
15,16,Stuart Skinner,24.0,EDM,G,50,48,29,14,5,133,1536,1403,0.913,2.75,1,2903:05,29,0.604,9,90.0,14.1,2.77,10.1,0,2,2,0,ASGAR-1Calder-2
16,17,Karel Vejmelka,26.0,ARI,G,50,49,18,24,6,168,1670,1502,0.899,3.43,3,2940:50,22,0.449,7,105.0,-8.1,3.47,8.6,0,0,0,2,
17,18,Linus Ullmark,29.0,BOS,G,49,48,40,6,1,91,1457,1366,0.938,1.89,2,2882:12,43,0.896,1,65.0,48.5,1.89,13.2,1,0,1,2,ASGASnhl-1Byng-29Hart-10Jennings-1Vezina-1
18,19,Martin Jones,33.0,SEA,G,48,42,27,13,3,131,1145,1014,0.886,2.99,3,2625:39,20,0.476,14,119.0,-21.4,3.02,4.3,0,0,0,0,
19,20,Tristan Jarry,27.0,PIT,G,47,47,24,13,7,128,1414,1286,0.909,2.9,2,2650:02,27,0.574,5,95.0,7.4,2.92,8.8,0,2,2,2,
20,21,Marc-André Fleury,38.0,MIN,G,46,45,24,16,4,126,1367,1241,0.908,2.85,2,2654:17,26,0.578,8,96.0,4.9,2.87,8.2,0,1,1,2,Byng-20
21,22,James Reimer,34.0,SJS,G,43,41,12,21,8,147,1335,1188,0.89,3.48,3,2538:00,18,0.439,11,115.0,-19.2,3.52,5.6,0,0,0,2,
22,23,Jake Allen,32.0,MTL,G,42,41,15,24,3,145,1335,1190,0.891,3.55,1,2450:25,20,0.488,10,113.0,-17.2,3.6,5.8,0,1,1,2,
23,24,Ilya Samsonov,25.0,TOR,G,42,40,27,10,5,96,1184,1088,0.919,2.33,4,2475:36,27,0.675,7,85.0,17.4,2.35,8.5,0,2,2,0,
24,25,Jonathan Quick,37.0,2TM,G,41,36,16,15,6,127,1080,953,0.882,3.41,2,2234:45,14,0.389,10,123.0,-23.6,3.44,3.7,0,0,0,4,
25,25,Jonathan Quick,37.0,LAK,G,31,27,11,13,4,99,798,699,0.876,3.5,1,1698:23,10,0.37,8,130.0,-22.6,3.53,2.2,0,0,0,2,
26,25,Jonathan Quick,37.0,VEG,G,10,9,5,2,2,28,282,254,0.901,3.13,1,536:22,4,0.444,2,104.0,-1.0,3.13,1.5,0,0,0,2,
27,26,Sam Montembeault,26.0,MTL,G,40,39,16,19,3,133,1345,1212,0.901,3.42,0,2333:51,21,0.538,8,103.0,-4.2,3.47,7.2,0,0,0,0,
28,27,Philipp Grubauer,31.0,SEA,G,39,36,17,14,4,98,930,832,0.895,2.85,0,2065:37,22,0.611,11,110.0,-9.0,2.88,4.4,0,1,1,0,
29,28,Filip Gustavsson,24.0,MIN,G,39,37,22,9,7,81,1173,1092,0.931,2.1,3,2310:56,27,0.73,4,72.0,31.3,2.13,9.8,0,1,1,0,ASnhl-7
30,29,Petr Mrázek,30.0,CHI,G,39,38,10,22,3,132,1248,1116,0.894,3.66,0,2165:10,19,0.5,7,110.0,-12.5,3.71,5.8,0,2,2,4,
31,30,Joonas Korpisalo,28.0,2TM,G,39,37,18,14,4,104,1206,1102,0.914,2.87,1,2171:57,24,0.649,3,90.0,11.5,2.9,8.0,0,0,0,0,
32,30,Joonas Korpisalo,28.0,CBJ,G,28,26,11,11,3,82,926,844,0.911,3.17,0,1550:57,16,0.615,2,92.0,6.7,3.21,5.9,0,0,0,0,
33,30,Joonas Korpisalo,28.0,LAK,G,11,11,7,3,1,22,280,258,0.921,2.13,1,621:00,8,0.727,1,82.0,4.8,2.13,2.1,0,0,0,0,
34,31,Casey DeSmith,31.0,PIT,G,38,33,15,16,4,109,1142,1033,0.905,3.17,0,2065:57,16,0.485,7,100.0,0.3,3.19,6.5,0,0,0,2,
35,32,Pheonix Copley,31.0,LAK,G,37,35,24,6,3,92,947,855,0.903,2.64,1,2089:29,21,0.6,8,101.0,-1.3,2.67,5.2,0,1,1,19,
36,33,Kaapo Kähkönen,26.0,SJS,G,37,37,9,20,7,135,1149,1014,0.883,3.85,1,2106:15,14,0.378,12,123.0,-25.0,3.9,4.0,0,0,0,0,
37,34,Jeremy Swayman,24.0,BOS,G,37,33,24,6,4,76,953,877,0.92,2.27,4,2012:59,21,0.636,4,83.0,15.3,2.3,6.9,0,0,0,2,ASnhl-9Byng-33Jennings-1
38,35,Logan Thompson,25.0,VEG,G,37,36,21,13,3,96,1132,1036,0.915,2.65,2,2171:22,20,0.556,1,89.0,12.4,2.68,7.7,0,0,0,2,ASGAR-2Calder-8
39,36,Jack Campbell,31.0,EDM,G,36,34,21,9,4,115,1027,912,0.888,3.41,1,2026:23,12,0.353,8,117.0,-16.7,3.46,4.1,0,1,1,2,
40,37,Cam Talbot,35.0,OTT,G,36,32,17,14,2,95,935,840,0.898,2.93,1,1947:00,21,0.656,9,106.0,-5.5,2.96,4.7,0,0,0,0,
41,38,Frederik Andersen,33.0,CAR,G,34,33,21,11,1,82,849,767,0.903,2.48,1,1984:21,17,0.515,6,101.0,-0.7,2.51,4.7,0,1,1,0,
42,39,Ukko-Pekka Luukkonen,23.0,BUF,G,33,32,17,11,4,115,1054,939,0.891,3.61,0,1910:13,13,0.406,7,114.0,-14.1,3.67,4.5,0,1,1,2,
43,40,Thatcher Demko,27.0,VAN,G,32,32,14,14,4,99,1005,906,0.901,3.16,1,1878:31,14,0.438,6,103.0,-2.8,3.19,5.4,0,1,1,4,
44,41,Charlie Lindgren,29.0,WSH,G,31,26,13,11,3,86,853,767,0.899,3.05,0,1692:04,14,0.538,4,105.0,-4.3,3.08,4.4,0,1,1,0,
45,42,Elvis Merzļikins,28.0,CBJ,G,30,27,7,18,2,110,889,779,0.876,4.23,0,1560:12,8,0.296,6,129.0,-24.9,4.31,2.5,0,1,1,4,
46,43,Spencer Martin,27.0,VAN,G,29,27,11,15,1,107,830,723,0.871,3.99,0,1610:11,8,0.296,9,135.0,-27.5,4.06,1.9,0,0,0,0,
47,44,Anton Forsberg,30.0,OTT,G,28,25,11,11,2,80,817,737,0.902,3.26,2,1471:43,12,0.48,6,102.0,-1.8,3.3,4.4,0,0,0,2,
48,45,Adin Hill,26.0,VEG,G,27,25,16,7,1,61,721,660,0.915,2.45,0,1490:54,16,0.64,4,88.0,8.0,2.5,4.9,0,1,1,2,
49,46,Connor Ingram,25.0,ARI,G,27,26,6,13,8,89,960,871,0.907,3.37,1,1586:40,15,0.577,4,97.0,2.9,3.4,5.7,0,0,0,2,
50,47,Antti Raanta,33.0,CAR,G,27,26,19,3,3,58,644,586,0.91,2.23,4,1561:13,13,0.5,5,94.0,3.7,2.27,4.0,0,0,0,0,
51,48,Alex Stalock,35.0,CHI,G,27,24,9,15,2,74,804,730,0.908,3.01,2,1475:20,13,0.542,2,96.0,3.0,3.05,4.9,0,0,0,16,
52,49,Daniel Vladař,25.0,CGY,G,27,23,14,6,5,71,667,596,0.894,2.87,0,1483:55,10,0.435,4,111.0,-7.1,2.91,3.1,0,0,0,2,
53,50,Craig Anderson,41.0,BUF,G,26,24,11,11,2,76,823,747,0.908,3.06,1,1490:02,12,0.5,5,96.0,2.8,3.1,4.9,0,1,1,2,
54,51,Matt Murray,28.0,TOR,G,26,26,14,8,2,74,761,687,0.903,3.01,1,1473:10,13,0.5,8,102.0,-1.1,3.05,4.2,0,0,0,0,
55,52,Jaroslav Halák,37.0,NYR,G,25,24,10,9,5,66,680,614,0.903,2.72,1,1453:56,15,0.625,3,101.0,-0.9,2.76,3.8,0,1,1,0,
56,53,Pyotr Kochetkov,23.0,CAR,G,24,23,12,7,5,57,627,570,0.909,2.44,4,1403:56,13,0.565,4,95.0,3.0,2.48,3.9,0,0,0,0,
57,54,Semyon Varlamov,34.0,NYI,G,23,22,11,9,2,60,689,629,0.913,2.7,2,1334:44,14,0.636,4,91.0,6.0,2.74,4.5,0,0,0,0,
58,55,Mackenzie Blackwood,26.0,NJD,G,22,20,10,6,2,60,563,503,0.893,3.2,0,1125:33,11,0.55,5,111.0,-6.1,3.25,2.6,0,0,0,2,
59,56,Brian Elliott,37.0,TBL,G,22,22,12,8,2,75,689,614,0.891,3.4,2,1324:44,9,0.409,5,114.0,-9.0,3.44,3.0,0,1,1,0,
60,57,Thomas Greiss,37.0,STL,G,21,16,7,10,0,65,626,561,0.896,3.58,1,1089:21,6,0.375,4,108.0,-5.1,3.64,3.0,0,0,0,0,
61,58,Spencer Knight,21.0,FLA,G,21,19,9,8,3,62,627,565,0.901,3.18,1,1168:45,8,0.421,3,103.0,-2.0,3.23,3.4,0,1,1,0,
62,59,David Rittich,30.0,WPG,G,21,18,9,8,1,50,506,456,0.901,2.67,0,1121:41,8,0.444,2,103.0,-1.6,2.73,2.7,0,0,0,2,
63,60,Scott Wedgewood,30.0,DAL,G,21,18,9,8,3,51,603,552,0.915,2.72,1,1126:46,13,0.722,1,88.0,6.7,2.77,4.1,0,0,0,0,
64,61,Collin Delia,28.0,VAN,G,20,18,10,6,2,62,526,464,0.882,3.28,0,1135:40,8,0.444,4,123.0,-11.6,3.33,1.8,0,1,1,0,
65,62,Felix Sandström,26.0,PHI,G,20,18,3,12,3,69,575,506,0.88,3.72,0,1112:51,5,0.278,4,125.0,-13.9,3.77,1.8,0,0,0,0,
66,63,Eric Comrie,27.0,BUF,G,19,19,9,9,1,68,594,526,0.886,3.67,1,1111:59,8,0.421,5,120.0,-11.1,3.72,2.2,0,1,1,2,
67,64,Lukáš Dostál,22.0,ANA,G,19,17,4,10,3,67,679,612,0.901,3.78,0,1062:43,12,0.706,1,103.0,-2.0,3.84,3.6,0,0,0,0,
68,65,Kevin Lankinen,27.0,NSH,G,19,18,9,8,1,49,583,534,0.916,2.75,0,1069:10,11,0.611,3,88.0,6.8,2.81,4.0,0,0,0,2,
69,66,Anthony Stolarz,29.0,ANA,G,19,12,5,6,0,51,494,443,0.897,3.73,0,820:03,3,0.25,2,108.0,-3.7,3.8,2.4,0,0,0,0,
70,67,Mads Søgaard,22.0,OTT,G,19,17,8,6,3,58,524,466,0.889,3.32,0,1047:30,8,0.471,4,116.0,-7.8,3.38,2.2,0,1,1,0,
71,68,Akira Schmid,22.0,NJD,G,18,14,9,5,2,32,408,376,0.922,2.13,1,901:21,9,0.643,2,82.0,7.1,2.13,3.0,0,0,0,0,
72,69,Magnus Hellberg,31.0,2TM,G,18,14,5,8,1,50,447,397,0.888,3.2,0,936:21,6,0.429,2,117.0,-7.2,3.27,1.8,0,0,0,0,
73,69,Magnus Hellberg,31.0,OTT,G,1,1,1,0,0,2,31,29,0.935,2.0,0,60:00,1,1.0,0,67.0,1.0,2.0,0.3,0,0,0,0,
74,69,Magnus Hellberg,31.0,DET,G,17,13,4,8,1,48,416,368,0.885,3.29,0,876:21,5,0.385,2,121.0,-8.2,3.35,1.5,0,0,0,0,
75,70,Daniil Tarasov,23.0,CBJ,G,17,16,4,11,1,57,528,471,0.892,3.91,0,874:08,6,0.375,5,113.0,-6.4,3.98,2.3,0,1,1,0,
76,71,Pavel Francouz,32.0,COL,G,16,16,8,7,1,42,493,451,0.915,2.61,1,964:32,9,0.563,3,89.0,5.2,2.61,3.3,0,1,1,0,
77,72,Michael Hutchinson,32.0,CBJ,G,16,10,2,6,3,54,432,378,0.875,4.29,0,755:27,2,0.2,2,131.0,-12.6,4.37,1.2,0,1,1,0,
78,73,Alex Lyon,30.0,FLA,G,15,14,9,4,2,43,488,445,0.912,2.89,1,893:11,10,0.714,2,92.0,3.7,2.89,3.1,0,0,0,0,
79,74,Alex Nedeljkovic,27.0,DET,G,15,13,5,7,2,49,466,417,0.895,3.53,0,832:38,5,0.385,2,110.0,-4.4,3.6,2.2,0,0,0,2,
80,75,Arvid Söderblom,23.0,CHI,G,15,13,2,10,2,48,453,405,0.894,3.45,0,835:14,6,0.462,2,111.0,-4.6,3.52,2.1,0,0,0,0,
81,76,Samuel Ersson,23.0,PHI,G,12,10,6,3,0,33,327,294,0.899,3.07,1,644:55,5,0.5,2,105.0,-1.7,3.07,1.7,0,0,0,0,
82,77,Laurent Brossoit,29.0,VEG,G,11,10,7,0,3,23,317,294,0.927,2.17,0,636:02,7,0.7,1,76.0,7.4,2.17,2.5,0,0,0,0,
83,78,Erik Källgren,26.0,TOR,G,10,9,3,2,4,25,246,221,0.898,2.67,0,561:40,3,0.333,2,106.0,-1.4,2.67,1.2,0,0,0,0,
84,79,Calvin Petersen,28.0,LAK,G,10,9,5,3,2,34,257,223,0.868,3.75,0,543:28,3,0.333,3,138.0,-9.4,3.75,0.5,0,0,0,0,
85,80,Devon Levi,21.0,BUF,G,7,7,5,2,0,21,222,201,0.905,2.94,0,429:01,5,0.714,1,99.0,0.3,2.94,1.3,0,0,0,0,
86,81,Ivan Prosvetov,23.0,ARI,G,7,7,4,3,0,28,234,206,0.88,3.98,0,422:02,3,0.429,2,125.0,-5.6,3.98,0.8,0,0,0,0,
87,82,Joseph Woll,24.0,TOR,G,7,7,6,1,0,15,219,204,0.932,2.16,0,416:26,6,0.857,0,72.0,6.0,2.16,1.8,0,0,0,0,
88,83,Joel Hofer,22.0,STL,G,6,6,3,1,1,17,179,162,0.905,3.22,0,317:12,3,0.5,1,99.0,0.1,3.22,1.0,0,0,0,0,
89,84,Jaxson Stauber,23.0,CHI,G,6,6,5,1,0,17,191,174,0.911,2.81,0,363:30,4,0.667,0,93.0,1.3,2.81,1.2,0,0,0,0,
90,85,Joey Daccord,26.0,SEA,G,5,4,2,1,1,13,130,117,0.9,3.14,0,248:08,1,0.25,0,104.0,-0.6,3.14,0.7,0,0,0,0,
91,86,Arturs Silovs,21.0,VAN,G,5,5,3,2,0,14,152,138,0.908,2.75,0,305:56,4,0.8,1,96.0,0.6,2.75,0.9,0,0,0,0,
92,87,Aaron Dell,33.0,SJS,G,4,3,0,3,0,9,103,94,0.913,2.71,0,199:17,2,0.667,0,91.0,0.9,2.71,0.7,0,0,0,0,
93,88,Dustin Tokarski,33.0,PIT,G,4,2,1,2,0,12,117,105,0.897,3.44,0,209:24,1,0.5,0,107.0,-0.8,3.44,0.6,0,0,0,0,
94,89,Jon Gillies,29.0,CBJ,G,3,2,1,1,0,9,66,57,0.864,4.57,0,118:09,0,0.0,0,142.0,-2.7,4.57,0.1,0,0,0,0,
95,90,Jonas Johansson,27.0,COL,G,3,2,2,0,0,5,73,68,0.932,2.1,0,142:57,1,0.5,0,72.0,2.0,2.1,0.6,0,0,0,0,
96,91,Kevin Mandolese,22.0,OTT,G,3,3,1,2,0,10,119,109,0.916,3.29,0,182:12,2,0.667,0,88.0,1.4,3.29,0.8,0,0,0,0,
97,92,Matt Murray,24.0,DAL,G,3,3,1,2,0,10,64,54,0.844,3.39,0,177:02,1,0.333,1,163.0,-3.9,3.39,0.0,0,0,0,0,
98,93,Cayden Primeau,23.0,MTL,G,3,2,0,2,0,8,54,46,0.852,3.46,0,138:35,1,0.5,1,155.0,-2.8,3.46,0.0,0,0,0,0,
99,94,Justus Annunen,22.0,COL,G,2,2,1,1,0,7,48,41,0.854,3.58,0,117:20,1,0.5,1,152.0,-2.4,3.58,0.0,0,0,0,0,
100,95,Dylan Ferguson,24.0,OTT,G,2,2,1,1,0,5,83,78,0.94,2.52,0,118:52,1,0.5,0,63.0,2.9,2.52,0.8,0,0,0,0,
101,96,Eetu Mäkiniemi,23.0,SJS,G,2,1,1,0,1,3,32,29,0.906,2.13,0,84:20,1,1.0,0,98.0,0.1,2.13,0.2,0,0,0,0,
102,97,Leevi Merilainen,20.0,OTT,G,2,2,0,1,1,6,49,43,0.878,4.23,0,85:05,1,0.5,1,128.0,-1.3,4.23,0.1,0,0,0,0,
103,98,Jiří Patera,23.0,VEG,G,2,2,2,0,0,5,70,65,0.929,2.5,0,120:00,2,1.0,0,75.0,1.7,2.5,0.6,0,0,0,0,
104,99,Keith Kinkaid,33.0,2TM,G,2,1,1,0,0,2,40,38,0.95,1.37,0,87:51,1,1.0,0,52.0,1.8,1.37,0.4,0,0,0,0,
105,99,Keith Kinkaid,33.0,BOS,G,1,1,1,0,0,1,31,30,0.968,1.0,0,59:54,1,1.0,0,34.0,2.0,1.0,0.4,0,0,0,0,
106,99,Keith Kinkaid,33.0,COL,G,1,0,0,0,0,1,9,8,0.889,2.15,0,27:57,0,,0,116.0,-0.1,2.15,0.0,0,0,0,0,
107,100,Jett Alexander,23.0,TOR,G,1,0,0,0,0,0,0,0,,0.0,0,1:10,0,,0,,0.0,0.0,0.0,0,0,0,0,
108,101,Yaroslav Askarov,20.0,NSH,G,1,1,0,1,0,4,35,31,0.886,4.15,0,57:50,0,0.0,0,119.0,-0.6,4.15,0.1,0,0,0,0,
109,102,Matthew Berlin,,EDM,G,1,0,0,0,0,0,1,1,1.0,0.0,0,2:26,0,,0,0.0,0.1,0.0,0.0,0,0,0,0,
110,103,Olle Eriksson Ek,23.0,ANA,G,1,1,0,0,1,5,39,34,0.872,4.69,0,63:59,0,0.0,0,134.0,-1.3,4.69,0.1,0,0,0,0,
111,104,Jet Greaves,21.0,CBJ,G,1,1,0,1,0,3,49,46,0.939,3.05,0,58:57,1,1.0,0,64.0,1.7,3.05,0.4,0,0,0,0,
112,105,Anton Khudobin,36.0,CHI,G,1,1,0,1,0,6,28,22,0.786,6.0,0,60:00,0,0.0,1,224.0,-3.3,6.0,-0.2,0,0,0,0,
113,106,Dylan Wells,25.0,CHI,G,1,0,0,0,0,1,13,12,0.923,3.0,0,20:00,0,,0,80.0,0.2,3.0,0.1,0,0,0,0,
114,107,Dustin Wolf,21.0,CGY,G,1,1,1,0,0,1,24,23,0.958,1.0,0,59:54,1,1.0,0,44.0,1.3,1.0,0.3,0,0,0,0,
0,1,Juuse Saros,28.0,NSH,G,64,64,35,24,5,173,1845,1672,0.906,2.86,3,3624:38,35,0.547,11,97.0,5.3,2.95,11.1,0,2,2,2,ASnhl-7Vezina-5
1,2,Alexandar Georgiev,27.0,COL,G,63,62,38,18,5,183,1770,1587,0.897,3.02,2,3637:57,27,0.435,9,107.0,-11.9,3.12,9.0,0,2,2,4,ASGASnhl-15
2,3,Connor Hellebuyck,30.0,WPG,G,60,60,37,19,4,142,1798,1656,0.921,2.39,5,3567:20,40,0.667,7,82.0,31.8,2.46,13.6,0,0,0,2,ASGASnhl-1Hart-6Jennings-1Vezina-1
3,4,Stuart Skinner,25.0,EDM,G,59,57,36,16,5,147,1553,1406,0.905,2.62,2,3361:21,35,0.614,11,98.0,3.1,2.7,9.2,0,0,0,0,
4,5,Sergei Bobrovsky,35.0,FLA,G,58,58,36,17,4,135,1584,1449,0.915,2.37,6,3414:14,37,0.638,7,88.0,18.1,2.44,10.9,0,2,2,4,ASGASnhl-3Vezina-3
5,6,Jordan Binnington,30.0,STL,G,57,55,28,21,5,156,1786,1630,0.913,2.84,3,3291:29,33,0.6,7,90.0,16.6,2.93,11.9,0,3,3,8,ASnhl-5
6,7,Petr Mrázek,31.0,CHI,G,56,53,18,31,4,160,1724,1564,0.907,3.05,1,3152:40,29,0.547,7,96.0,6.6,3.14,10.6,0,0,0,14,
7,8,Ilya Sorokin,28.0,NYI,G,56,55,25,19,12,167,1822,1655,0.908,3.01,2,3325:59,34,0.618,7,95.0,9.1,3.1,11.4,0,2,2,0,Vezina-8
8,9,Joonas Korpisalo,29.0,OTT,G,55,49,21,26,4,168,1523,1355,0.89,3.27,0,3080:28,22,0.449,11,114.0,-20.8,3.39,6.6,0,1,1,0,
9,10,Igor Shesterkin,28.0,NYR,G,55,55,36,17,2,141,1606,1465,0.912,2.58,4,3277:06,32,0.582,10,91.0,14.2,2.65,10.7,0,1,1,6,ASGASnhl-4Vezina-4
10,11,Ukko-Pekka Luukkonen,24.0,BUF,G,54,51,27,22,4,132,1470,1338,0.91,2.57,5,3081:14,34,0.667,6,93.0,10.1,2.65,9.5,0,1,1,8,ASnhl-12
11,12,Jake Oettinger,25.0,DAL,G,54,53,35,14,4,140,1476,1336,0.905,2.72,3,3084:35,29,0.547,10,98.0,2.7,2.8,8.7,0,0,0,2,ASGASnhl-9
12,13,Cam Talbot,36.0,LAK,G,54,52,27,20,6,130,1490,1360,0.913,2.5,3,3116:07,32,0.615,7,90.0,14.0,2.58,10.0,0,3,3,4,ASGASnhl-15
13,14,Andrei Vasilevskiy,29.0,TBL,G,52,52,30,20,2,148,1477,1329,0.9,2.9,2,3062:52,27,0.519,9,104.0,-5.2,3.0,7.9,0,2,2,2,ASnhl-10
14,15,Thatcher Demko,28.0,VAN,G,51,51,35,14,2,123,1492,1369,0.918,2.45,5,3015:53,33,0.647,8,85.0,21.2,2.51,10.7,0,1,1,0,ASGASnhl-2Byng-71Vezina-2
15,16,Samuel Ersson,24.0,PHI,G,51,49,23,19,7,132,1204,1072,0.89,2.82,4,2809:28,27,0.551,13,113.0,-15.6,2.9,5.3,0,0,0,4,AR-3Calder-10
16,17,Tristan Jarry,28.0,PIT,G,51,48,19,25,5,133,1369,1236,0.903,2.91,6,2740:38,29,0.604,12,101.0,-0.7,3.0,7.8,1,0,1,4,
17,18,Joey Daccord,27.0,SEA,G,50,46,19,18,11,116,1374,1258,0.916,2.46,3,2832:47,30,0.652,5,87.0,16.8,2.52,9.6,0,0,0,0,ASnhl-12
18,19,Connor Ingram,26.0,ARI,G,50,48,23,21,3,136,1461,1325,0.907,2.91,6,2802:56,27,0.563,11,96.0,5.2,3.0,8.9,0,3,3,0,
19,20,Charlie Lindgren,30.0,WSH,G,50,48,25,16,7,127,1431,1304,0.911,2.67,6,2852:23,29,0.604,6,92.0,11.3,2.76,9.4,0,0,0,0,ASnhl-11Hart-12Vezina-8
20,21,Jacob Markström,34.0,CGY,G,48,48,23,23,2,131,1379,1248,0.905,2.78,2,2831:07,26,0.542,5,98.0,2.3,2.86,8.2,0,5,5,0,ASnhl-8
21,22,John Gibson,30.0,ANA,G,46,44,13,27,2,151,1343,1192,0.888,3.54,0,2561:29,21,0.477,11,116.0,-21.2,3.65,5.6,0,0,0,12,
22,23,Logan Thompson,26.0,VEG,G,46,42,25,14,5,119,1298,1179,0.908,2.7,1,2645:28,25,0.595,6,95.0,6.5,2.79,8.1,0,3,3,0,
23,24,Filip Gustavsson,25.0,MIN,G,45,43,20,18,4,129,1283,1154,0.899,3.06,3,2526:33,18,0.419,9,104.0,-5.0,3.16,6.9,0,1,1,0,
24,25,Mackenzie Blackwood,27.0,SJS,G,44,41,10,25,4,140,1383,1243,0.899,3.45,2,2437:08,24,0.585,10,105.0,-6.3,3.57,7.3,0,0,0,2,
25,26,Lukáš Dostál,23.0,ANA,G,44,38,14,23,3,129,1310,1181,0.902,3.33,1,2322:49,17,0.447,5,102.0,-2.4,3.44,7.3,0,0,0,8,
26,27,Alex Lyon,31.0,DET,G,44,43,21,18,5,127,1325,1198,0.904,3.05,2,2498:51,22,0.512,8,99.0,1.1,3.15,7.7,0,1,1,2,
27,28,Jeremy Swayman,25.0,BOS,G,44,43,25,10,8,108,1287,1179,0.916,2.53,3,2565:51,27,0.628,5,87.0,16.4,2.6,9.1,0,1,1,0,ASGASnhl-6Byng-44Vezina-7
28,29,Pyotr Kochetkov,24.0,CAR,G,42,40,23,13,4,92,1031,939,0.911,2.33,4,2371:29,23,0.575,7,92.0,7.7,2.4,6.7,0,0,0,8,AR-1Calder-4
29,30,Elvis Merzļikins,29.0,CBJ,G,41,40,13,17,8,130,1266,1136,0.897,3.45,1,2258:40,19,0.475,6,106.0,-7.6,3.56,6.5,0,0,0,4,
30,31,Sam Montembeault,27.0,MTL,G,41,40,16,15,9,127,1307,1180,0.903,3.14,0,2428:46,28,0.7,6,101.0,-0.7,3.24,7.4,0,2,2,0,
31,32,Marc-André Fleury,39.0,MIN,G,40,36,17,15,5,111,1056,945,0.895,2.98,2,2232:40,18,0.5,9,109.0,-8.9,3.09,5.2,0,1,1,4,Byng-9
32,33,Ilya Samsonov,26.0,TOR,G,40,40,23,7,8,120,1087,967,0.89,3.13,3,2300:58,19,0.475,9,114.0,-14.9,3.23,4.7,0,1,1,0,
33,34,Linus Ullmark,30.0,BOS,G,40,39,22,10,7,103,1207,1104,0.915,2.57,2,2400:08,26,0.667,3,88.0,13.7,2.65,8.3,0,1,1,2,ASnhl-12Byng-49Vezina-6
34,35,Alex Nedeljkovic,28.0,PIT,G,38,33,18,7,7,102,1039,937,0.902,2.97,1,2060:28,16,0.485,10,102.0,-1.6,3.06,5.8,0,0,0,0,
35,36,Karel Vejmelka,27.0,ARI,G,38,33,13,19,2,114,1089,975,0.895,3.35,1,2040:08,14,0.424,10,108.0,-8.7,3.47,5.4,0,2,2,2,
36,37,Kaapo Kähkönen,27.0,2TM,G,37,33,7,24,3,116,1139,1023,0.898,3.64,1,1914:13,16,0.485,7,105.0,-5.9,3.76,5.9,0,1,1,4,
37,37,Kaapo Kähkönen,27.0,SJS,G,31,27,6,20,3,105,996,891,0.895,3.81,0,1651:26,13,0.481,5,109.0,-8.7,3.96,4.8,0,1,1,4,
38,37,Kaapo Kähkönen,27.0,NJD,G,6,6,1,4,0,11,143,132,0.923,2.51,1,262:47,3,0.5,2,80.0,2.8,2.51,1.1,0,0,0,0,
39,38,Philipp Grubauer,32.0,SEA,G,36,34,14,16,2,95,941,846,0.899,2.85,2,1996:36,15,0.441,6,104.0,-4.0,2.95,5.0,0,1,1,4,
40,39,Adin Hill,27.0,VEG,G,35,35,19,12,2,89,979,890,0.909,2.71,2,1968:49,19,0.543,7,94.0,5.6,2.8,6.2,0,1,1,0,
41,40,Jake Allen,33.0,2TM,G,34,33,12,18,4,114,1087,973,0.895,3.44,0,1986:53,15,0.455,8,108.0,-8.9,3.53,5.3,0,1,1,2,
42,40,Jake Allen,33.0,MTL,G,21,21,6,12,3,74,686,612,0.892,3.65,0,1216:20,9,0.429,4,112.0,-7.7,3.75,3.2,0,1,1,2,
43,40,Jake Allen,33.0,NJD,G,13,12,6,6,1,40,401,361,0.9,3.11,0,770:33,6,0.5,4,103.0,-1.2,3.19,2.2,0,0,0,0,
44,41,Darcy Kuemper,33.0,WSH,G,33,30,13,14,3,103,940,837,0.89,3.31,1,1866:32,14,0.467,10,113.0,-12.1,3.41,4.2,0,1,1,0,
45,42,Arvid Söderblom,24.0,CHI,G,32,29,5,22,2,114,942,828,0.879,3.92,0,1744:20,10,0.345,6,125.0,-22.9,4.06,3.1,0,0,0,0,
46,43,Vítek Vaněček,28.0,NJD,G,32,29,17,9,3,95,862,767,0.89,3.18,0,1791:49,12,0.414,8,114.0,-11.7,3.28,3.8,0,1,1,0,
47,44,Scott Wedgewood,31.0,DAL,G,32,28,16,7,5,85,844,759,0.899,2.85,0,1789:08,13,0.464,4,104.0,-3.4,2.95,4.5,0,0,0,0,
48,45,Anton Forsberg,31.0,OTT,G,30,28,15,12,0,84,765,681,0.89,3.21,2,1569:45,14,0.5,10,114.0,-10.1,3.33,3.4,0,1,1,2,
49,46,Joel Hofer,23.0,STL,G,30,27,15,12,1,72,830,758,0.913,2.65,1,1628:39,16,0.593,4,90.0,8.2,2.73,5.6,0,1,1,4,AR-2Calder-11
50,47,Casey DeSmith,32.0,VAN,G,29,27,12,9,6,80,759,679,0.895,2.89,1,1663:29,15,0.556,8,109.0,-6.6,2.96,3.7,0,1,1,0,
51,48,Semyon Varlamov,35.0,NYI,G,28,27,14,8,4,69,837,768,0.918,2.6,3,1594:44,18,0.667,1,85.0,11.9,2.67,6.0,0,0,0,0,
52,49,Jonathan Quick,38.0,NYR,G,27,26,18,6,2,69,771,702,0.911,2.62,2,1582:44,12,0.462,3,93.0,5.5,2.69,5.0,0,1,1,8,
53,50,Anthony Stolarz,30.0,FLA,G,27,24,16,7,2,51,684,633,0.925,2.03,2,1506:27,17,0.708,2,77.0,15.1,2.07,5.5,0,2,2,2,
54,51,Carter Hart,25.0,PHI,G,26,25,12,9,3,68,727,659,0.906,2.8,1,1455:11,14,0.56,5,97.0,2.3,2.89,4.4,0,1,1,0,
55,52,Jonas Johansson,28.0,TBL,G,26,24,12,7,5,83,752,669,0.89,3.37,2,1477:29,11,0.458,3,114.0,-10.3,3.49,3.3,0,0,0,0,
56,53,James Reimer,35.0,DET,G,25,20,11,8,2,70,727,657,0.904,3.11,2,1352:24,9,0.45,1,100.0,0.3,3.19,4.2,0,0,0,4,
57,54,Joseph Woll,25.0,TOR,G,25,23,12,11,1,72,772,700,0.907,2.94,0,1471:39,11,0.478,4,96.0,2.6,3.02,4.7,0,0,0,0,AR-4
58,55,Kevin Lankinen,28.0,NSH,G,24,17,11,6,0,56,610,554,0.908,2.82,1,1191:25,9,0.529,3,95.0,3.0,2.92,3.8,0,1,1,0,
59,56,Antti Raanta,34.0,CAR,G,24,20,12,7,2,63,493,430,0.872,2.99,1,1265:11,8,0.4,8,132.0,-15.3,3.08,1.3,0,0,0,0,
60,57,David Rittich,31.0,LAK,G,24,22,13,6,3,49,621,572,0.921,2.15,3,1364:31,14,0.636,1,82.0,11.0,2.2,4.7,0,0,0,0,
61,58,Daniil Tarasov,24.0,CBJ,G,24,23,8,11,3,73,796,723,0.908,3.18,0,1376:28,13,0.565,5,95.0,3.9,3.27,5.0,0,0,0,0,
62,59,Laurent Brossoit,30.0,WPG,G,23,22,15,5,2,45,620,575,0.927,2.0,3,1351:02,16,0.727,2,75.0,14.9,2.04,5.1,0,0,0,2,
63,60,Devon Levi,22.0,BUF,G,23,21,10,8,2,67,666,599,0.899,3.1,0,1294:54,10,0.476,4,104.0,-2.6,3.2,3.6,0,0,0,0,
64,61,Calvin Pickard,31.0,EDM,G,23,20,12,7,1,53,581,528,0.909,2.45,1,1296:21,10,0.5,4,94.0,3.2,2.55,3.7,0,0,0,2,
65,62,Cayden Primeau,24.0,MTL,G,23,21,8,9,4,66,731,665,0.91,2.99,2,1324:50,11,0.524,3,93.0,4.7,3.08,4.7,0,2,2,2,
66,63,Martin Jones,34.0,TOR,G,22,19,11,8,1,56,574,518,0.902,2.87,2,1169:40,10,0.526,2,101.0,-0.5,2.98,3.2,0,0,0,0,
67,64,Nico Daws,23.0,NJD,G,21,20,9,11,0,60,568,508,0.894,3.15,0,1144:03,10,0.5,6,109.0,-5.1,3.25,2.7,0,1,1,0,
68,65,Daniel Vladař,26.0,CGY,G,20,19,8,9,2,68,574,506,0.882,3.62,0,1128:31,8,0.421,6,123.0,-12.5,3.72,2.0,0,0,0,0,
69,66,Ville Husso,28.0,DET,G,19,18,9,5,2,60,556,496,0.892,3.55,0,1012:55,6,0.333,5,112.0,-6.3,3.67,2.6,0,1,1,0,
70,67,Akira Schmid,23.0,NJD,G,19,15,5,9,1,48,457,409,0.895,3.15,0,914:09,5,0.333,4,109.0,-3.8,3.28,2.2,0,2,2,2,
71,68,Spencer Martin,28.0,2TM,G,19,16,7,9,2,59,533,474,0.889,3.3,0,1072:13,7,0.438,5,115.0,-7.5,3.36,2.3,0,0,0,0,
72,68,Spencer Martin,28.0,CBJ,G,13,10,3,8,1,43,379,336,0.887,3.65,0,707:13,3,0.3,3,117.0,-6.4,3.73,1.5,0,0,0,0,
73,68,Spencer Martin,28.0,CAR,G,6,6,4,1,1,16,154,138,0.896,2.63,0,365:00,4,0.667,2,107.0,-1.1,2.63,0.8,0,0,0,0,
74,69,Dustin Wolf,22.0,CGY,G,17,15,7,7,1,50,467,417,0.893,3.16,0,950:30,7,0.467,2,111.0,-4.9,3.28,2.2,0,0,0,0,
75,70,Frederik Andersen,34.0,CAR,G,16,16,13,2,0,28,410,382,0.932,1.84,3,912:53,12,0.75,2,71.0,11.6,1.91,3.5,0,1,1,0,
76,71,Justus Annunen,23.0,COL,G,14,12,8,4,1,30,414,384,0.928,2.25,2,801:05,8,0.667,0,75.0,10.0,2.32,3.4,0,0,0,0,
77,72,Ivan Prosvetov,24.0,COL,G,11,8,4,3,1,26,248,222,0.895,3.16,0,494:11,4,0.5,3,108.0,-2.0,3.28,1.2,0,0,0,0,
78,73,Eric Comrie,28.0,BUF,G,10,10,2,7,0,32,254,222,0.874,3.69,0,519:54,3,0.3,5,130.0,-7.4,3.81,0.7,0,0,0,0,
79,74,Magnus Chrona,23.0,SJS,G,9,8,1,6,1,37,262,225,0.859,4.71,0,471:15,3,0.375,5,146.0,-11.7,4.84,0.3,0,0,0,0,
80,75,Jet Greaves,22.0,CBJ,G,9,8,3,6,0,30,327,297,0.908,3.49,0,515:52,5,0.625,2,95.0,1.6,3.61,2.0,0,0,0,0,
81,76,Pheonix Copley,32.0,LAK,G,8,8,4,1,2,23,177,154,0.87,3.16,1,436:17,2,0.25,3,134.0,-5.9,3.3,0.4,0,0,0,0,
82,77,Devin Cooley,26.0,SJS,G,6,6,2,3,1,25,192,167,0.87,4.98,0,301:29,2,0.333,3,135.0,-6.4,5.17,0.4,0,0,0,0,
83,78,Jiří Patera,24.0,VEG,G,6,5,1,3,1,21,196,175,0.893,3.98,0,316:46,2,0.4,0,111.0,-2.1,4.17,0.9,0,0,0,0,
84,79,Mads Søgaard,23.0,OTT,G,6,5,1,3,0,19,135,116,0.859,4.05,0,281:34,1,0.2,2,146.0,-6.0,4.26,0.2,0,0,0,0,
85,80,Matt Tomkins,29.0,TBL,G,6,6,3,2,1,20,185,165,0.892,3.33,0,360:13,1,0.167,0,112.0,-2.1,3.5,0.8,0,0,0,0,
86,81,Jack Campbell,32.0,EDM,G,5,5,1,4,0,20,157,137,0.873,4.5,0,266:47,1,0.2,2,132.0,-4.8,4.72,0.4,0,0,0,0,
87,82,Calvin Petersen,29.0,PHI,G,5,4,2,2,0,18,132,114,0.864,3.9,0,276:55,2,0.5,2,141.0,-5.2,4.12,0.2,0,0,0,0,
88,83,Felix Sandström,27.0,PHI,G,5,3,1,2,0,17,96,79,0.823,3.87,0,263:29,1,0.333,2,183.0,-7.7,4.1,-0.2,0,0,0,0,
89,84,Hunter Shepard,28.0,WSH,G,4,4,2,1,1,13,123,110,0.894,3.19,0,244:50,2,0.5,2,109.0,-1.1,3.19,0.6,0,0,0,0,
90,85,Arturs Silovs,22.0,VAN,G,4,4,3,0,1,10,84,74,0.881,2.47,0,243:13,2,0.5,1,123.0,-1.9,2.47,0.3,0,0,0,0,
91,86,Ivan Fedotov,27.0,PHI,G,3,1,0,1,1,10,53,43,0.811,4.95,0,121:09,0,0.0,1,195.0,-4.9,4.95,-0.2,0,0,0,0,
92,87,Magnus Hellberg,32.0,PIT,G,3,1,1,0,0,5,64,59,0.922,2.5,0,119:53,1,1.0,0,81.0,1.2,2.5,0.5,0,0,0,0,
93,88,Jesper Wallstedt,21.0,MIN,G,3,3,2,1,0,9,87,78,0.897,3.01,1,179:17,2,0.667,1,107.0,-0.6,3.01,0.4,0,0,0,0,
94,89,Yaroslav Askarov,21.0,NSH,G,2,1,1,0,0,2,35,33,0.943,1.47,0,81:40,1,1.0,0,59.0,1.4,1.47,0.3,0,0,0,0,
95,90,Chris Driedger,29.0,SEA,G,2,2,1,1,0,5,60,55,0.917,2.51,0,119:35,1,0.5,1,86.0,0.8,2.51,0.4,0,0,0,0,
96,91,Georgi Romanov,24.0,SJS,G,2,0,0,0,0,1,30,29,0.967,1.01,0,59:15,0,,0,34.0,1.9,1.01,0.4,0,0,0,0,
97,92,Matt Villalta,24.0,ARI,G,2,1,0,1,0,5,29,24,0.828,4.17,0,71:58,0,0.0,1,178.0,-2.2,4.17,-0.1,0,0,0,0,
98,93,Kenneth Appleby,28.0,NYI,G,1,0,0,0,0,2,8,6,0.75,6.0,0,20:00,0,,0,259.0,-1.2,6.0,-0.1,0,0,0,0,
99,94,Louis Domingue,31.0,NYR,G,1,1,1,0,0,1,26,25,0.962,1.0,0,60:00,1,1.0,0,40.0,1.5,1.0,0.3,0,0,0,0,
100,95,Michael Hutchinson,33.0,DET,G,1,1,0,1,0,3,36,33,0.917,3.11,0,57:48,1,1.0,0,86.0,0.5,3.11,0.3,0,0,0,0,
101,96,Matt Murray,25.0,DAL,G,1,1,1,0,0,0,23,23,1.0,0.0,1,60:00,1,1.0,0,0.0,2.2,0.0,0.4,0,0,0,0,
102,97,Yaniv Perets,23.0,CAR,G,1,0,0,0,0,0,1,1,1.0,0.0,0,12:46,0,,0,0.0,0.1,0.0,0.0,0,0,0,0,
103,98,Malcolm Subban,30.0,CBJ,G,1,1,0,1,0,3,35,32,0.914,3.0,0,60:00,1,1.0,0,89.0,0.4,3.0,0.2,0,0,0,0,
